year,id,permanentNumber,code,url,givenName,familyName,dob,nationality
2010,alguersuari,,ALG,http://en.wikipedia.org/wiki/Jaime_Alguersuari,Jaime,Alguersuari,1990-03-23,Spanish
2010,alonso,14,ALO,http://en.wikipedia.org/wiki/Fernando_Alonso,Fernando,Alonso,1981-07-29,Spanish
2010,barrichello,,BAR,http://en.wikipedia.org/wiki/Rubens_Barrichello,Rubens,Barrichello,1972-05-23,Brazilian
2010,buemi,,BUE,http://en.wikipedia.org/wiki/S%C3%A9bastien_Buemi,Sébastien,Buemi,1988-10-31,Swiss
2010,button,22,BUT,http://en.wikipedia.org/wiki/Jenson_Button,Jenson,Button,1980-01-19,British
2010,chandhok,,CHA,http://en.wikipedia.org/wiki/Karun_Chandhok,Karun,Chandhok,1984-01-19,Indian
2010,rosa,,DLR,http://en.wikipedia.org/wiki/Pedro_de_la_Rosa,Pedro,de la Rosa,1971-02-24,Spanish
2010,grassi,,DIG,http://en.wikipedia.org/wiki/Lucas_di_Grassi,Lucas,di Grassi,1984-08-11,Brazilian
2010,glock,,GLO,http://en.wikipedia.org/wiki/Timo_Glock,Timo,Glock,1982-03-18,German
2010,hamilton,44,HAM,http://en.wikipedia.org/wiki/Lewis_Hamilton,Lewis,Hamilton,1985-01-07,British
2010,heidfeld,,HEI,http://en.wikipedia.org/wiki/Nick_Heidfeld,Nick,Heidfeld,1977-05-10,German
2010,hulkenberg,27,HUL,http://en.wikipedia.org/wiki/Nico_H%C3%BClkenberg,Nico,Hülkenberg,1987-08-19,German
2010,klien,,KLI,http://en.wikipedia.org/wiki/Christian_Klien,Christian,Klien,1983-02-07,Austrian
2010,kobayashi,10,KOB,http://en.wikipedia.org/wiki/Kamui_Kobayashi,Kamui,Kobayashi,1986-09-13,Japanese
2010,kovalainen,,KOV,http://en.wikipedia.org/wiki/Heikki_Kovalainen,Heikki,Kovalainen,1981-10-19,Finnish
2010,kubica,88,KUB,http://en.wikipedia.org/wiki/Robert_Kubica,Robert,Kubica,1984-12-07,Polish
2010,liuzzi,,LIU,http://en.wikipedia.org/wiki/Vitantonio_Liuzzi,Vitantonio,Liuzzi,1980-08-06,Italian
2010,massa,19,MAS,http://en.wikipedia.org/wiki/Felipe_Massa,Felipe,Massa,1981-04-25,Brazilian
2010,petrov,,PET,http://en.wikipedia.org/wiki/Vitaly_Petrov,Vitaly,Petrov,1984-09-08,Russian
2010,rosberg,6,ROS,http://en.wikipedia.org/wiki/Nico_Rosberg,Nico,Rosberg,1985-06-27,German
2010,michael_schumacher,,MSC,http://en.wikipedia.org/wiki/Michael_Schumacher,Michael,Schumacher,1969-01-03,German
2010,bruno_senna,,SEN,http://en.wikipedia.org/wiki/Bruno_Senna,Bruno,Senna,1983-10-15,Brazilian
2010,sutil,99,SUT,http://en.wikipedia.org/wiki/Adrian_Sutil,Adrian,Sutil,1983-01-11,German
2010,trulli,,TRU,http://en.wikipedia.org/wiki/Jarno_Trulli,Jarno,Trulli,1974-07-13,Italian
2010,vettel,5,VET,http://en.wikipedia.org/wiki/Sebastian_Vettel,Sebastian,Vettel,1987-07-03,German
2010,webber,,WEB,http://en.wikipedia.org/wiki/Mark_Webber_(racing_driver),Mark,Webber,1976-08-27,Australian
2010,yamamoto,,YAM,http://en.wikipedia.org/wiki/Sakon_Yamamoto,Sakon,Yamamoto,1982-07-09,Japanese
2011,alguersuari,,ALG,http://en.wikipedia.org/wiki/Jaime_Alguersuari,Jaime,Alguersuari,1990-03-23,Spanish
2011,alonso,14,ALO,http://en.wikipedia.org/wiki/Fernando_Alonso,Fernando,Alonso,1981-07-29,Spanish
2011,barrichello,,BAR,http://en.wikipedia.org/wiki/Rubens_Barrichello,Rubens,Barrichello,1972-05-23,Brazilian
2011,buemi,,BUE,http://en.wikipedia.org/wiki/S%C3%A9bastien_Buemi,Sébastien,Buemi,1988-10-31,Swiss
2011,button,22,BUT,http://en.wikipedia.org/wiki/Jenson_Button,Jenson,Button,1980-01-19,British
2011,chandhok,,CHA,http://en.wikipedia.org/wiki/Karun_Chandhok,Karun,Chandhok,1984-01-19,Indian
2011,ambrosio,,DAM,http://en.wikipedia.org/wiki/J%C3%A9r%C3%B4me_d%27Ambrosio,Jérôme,d'Ambrosio,1985-12-27,Belgian
2011,rosa,,DLR,http://en.wikipedia.org/wiki/Pedro_de_la_Rosa,Pedro,de la Rosa,1971-02-24,Spanish
2011,resta,,DIR,http://en.wikipedia.org/wiki/Paul_di_Resta,Paul,di Resta,1986-04-16,British
2011,glock,,GLO,http://en.wikipedia.org/wiki/Timo_Glock,Timo,Glock,1982-03-18,German
2011,hamilton,44,HAM,http://en.wikipedia.org/wiki/Lewis_Hamilton,Lewis,Hamilton,1985-01-07,British
2011,heidfeld,,HEI,http://en.wikipedia.org/wiki/Nick_Heidfeld,Nick,Heidfeld,1977-05-10,German
2011,karthikeyan,,KAR,http://en.wikipedia.org/wiki/Narain_Karthikeyan,Narain,Karthikeyan,1977-01-14,Indian
2011,kobayashi,10,KOB,http://en.wikipedia.org/wiki/Kamui_Kobayashi,Kamui,Kobayashi,1986-09-13,Japanese
2011,kovalainen,,KOV,http://en.wikipedia.org/wiki/Heikki_Kovalainen,Heikki,Kovalainen,1981-10-19,Finnish
2011,liuzzi,,LIU,http://en.wikipedia.org/wiki/Vitantonio_Liuzzi,Vitantonio,Liuzzi,1980-08-06,Italian
2011,maldonado,13,MAL,http://en.wikipedia.org/wiki/Pastor_Maldonado,Pastor,Maldonado,1985-03-09,Venezuelan
2011,massa,19,MAS,http://en.wikipedia.org/wiki/Felipe_Massa,Felipe,Massa,1981-04-25,Brazilian
2011,perez,11,PER,http://en.wikipedia.org/wiki/Sergio_P%C3%A9rez,Sergio,Pérez,1990-01-26,Mexican
2011,petrov,,PET,http://en.wikipedia.org/wiki/Vitaly_Petrov,Vitaly,Petrov,1984-09-08,Russian
2011,ricciardo,3,RIC,http://en.wikipedia.org/wiki/Daniel_Ricciardo,Daniel,Ricciardo,1989-07-01,Australian
2011,rosberg,6,ROS,http://en.wikipedia.org/wiki/Nico_Rosberg,Nico,Rosberg,1985-06-27,German
2011,michael_schumacher,,MSC,http://en.wikipedia.org/wiki/Michael_Schumacher,Michael,Schumacher,1969-01-03,German
2011,bruno_senna,,SEN,http://en.wikipedia.org/wiki/Bruno_Senna,Bruno,Senna,1983-10-15,Brazilian
2011,sutil,99,SUT,http://en.wikipedia.org/wiki/Adrian_Sutil,Adrian,Sutil,1983-01-11,German
2011,trulli,,TRU,http://en.wikipedia.org/wiki/Jarno_Trulli,Jarno,Trulli,1974-07-13,Italian
2011,vettel,5,VET,http://en.wikipedia.org/wiki/Sebastian_Vettel,Sebastian,Vettel,1987-07-03,German
2011,webber,,WEB,http://en.wikipedia.org/wiki/Mark_Webber_(racing_driver),Mark,Webber,1976-08-27,Australian
2012,alonso,14,ALO,http://en.wikipedia.org/wiki/Fernando_Alonso,Fernando,Alonso,1981-07-29,Spanish
2012,button,22,BUT,http://en.wikipedia.org/wiki/Jenson_Button,Jenson,Button,1980-01-19,British
2012,ambrosio,,DAM,http://en.wikipedia.org/wiki/J%C3%A9r%C3%B4me_d%27Ambrosio,Jérôme,d'Ambrosio,1985-12-27,Belgian
2012,rosa,,DLR,http://en.wikipedia.org/wiki/Pedro_de_la_Rosa,Pedro,de la Rosa,1971-02-24,Spanish
2012,resta,,DIR,http://en.wikipedia.org/wiki/Paul_di_Resta,Paul,di Resta,1986-04-16,British
2012,glock,,GLO,http://en.wikipedia.org/wiki/Timo_Glock,Timo,Glock,1982-03-18,German
2012,grosjean,8,GRO,http://en.wikipedia.org/wiki/Romain_Grosjean,Romain,Grosjean,1986-04-17,French
2012,hamilton,44,HAM,http://en.wikipedia.org/wiki/Lewis_Hamilton,Lewis,Hamilton,1985-01-07,British
2012,hulkenberg,27,HUL,http://en.wikipedia.org/wiki/Nico_H%C3%BClkenberg,Nico,Hülkenberg,1987-08-19,German
2012,karthikeyan,,KAR,http://en.wikipedia.org/wiki/Narain_Karthikeyan,Narain,Karthikeyan,1977-01-14,Indian
2012,kobayashi,10,KOB,http://en.wikipedia.org/wiki/Kamui_Kobayashi,Kamui,Kobayashi,1986-09-13,Japanese
2012,kovalainen,,KOV,http://en.wikipedia.org/wiki/Heikki_Kovalainen,Heikki,Kovalainen,1981-10-19,Finnish
2012,maldonado,13,MAL,http://en.wikipedia.org/wiki/Pastor_Maldonado,Pastor,Maldonado,1985-03-09,Venezuelan
2012,massa,19,MAS,http://en.wikipedia.org/wiki/Felipe_Massa,Felipe,Massa,1981-04-25,Brazilian
2012,perez,11,PER,http://en.wikipedia.org/wiki/Sergio_P%C3%A9rez,Sergio,Pérez,1990-01-26,Mexican
2012,petrov,,PET,http://en.wikipedia.org/wiki/Vitaly_Petrov,Vitaly,Petrov,1984-09-08,Russian
2012,pic,,PIC,http://en.wikipedia.org/wiki/Charles_Pic,Charles,Pic,1990-02-15,French
2012,raikkonen,7,RAI,http://en.wikipedia.org/wiki/Kimi_R%C3%A4ikk%C3%B6nen,Kimi,Räikkönen,1979-10-17,Finnish
2012,ricciardo,3,RIC,http://en.wikipedia.org/wiki/Daniel_Ricciardo,Daniel,Ricciardo,1989-07-01,Australian
2012,rosberg,6,ROS,http://en.wikipedia.org/wiki/Nico_Rosberg,Nico,Rosberg,1985-06-27,German
2012,michael_schumacher,,MSC,http://en.wikipedia.org/wiki/Michael_Schumacher,Michael,Schumacher,1969-01-03,German
2012,bruno_senna,,SEN,http://en.wikipedia.org/wiki/Bruno_Senna,Bruno,Senna,1983-10-15,Brazilian
2012,vergne,25,VER,http://en.wikipedia.org/wiki/Jean-%C3%89ric_Vergne,Jean-Éric,Vergne,1990-04-25,French
2012,vettel,5,VET,http://en.wikipedia.org/wiki/Sebastian_Vettel,Sebastian,Vettel,1987-07-03,German
2012,webber,,WEB,http://en.wikipedia.org/wiki/Mark_Webber_(racing_driver),Mark,Webber,1976-08-27,Australian
2013,alonso,14,ALO,http://en.wikipedia.org/wiki/Fernando_Alonso,Fernando,Alonso,1981-07-29,Spanish
2013,jules_bianchi,17,BIA,http://en.wikipedia.org/wiki/Jules_Bianchi,Jules,Bianchi,1989-08-03,French
2013,bottas,77,BOT,http://en.wikipedia.org/wiki/Valtteri_Bottas,Valtteri,Bottas,1989-08-28,Finnish
2013,button,22,BUT,http://en.wikipedia.org/wiki/Jenson_Button,Jenson,Button,1980-01-19,British
2013,chilton,4,CHI,http://en.wikipedia.org/wiki/Max_Chilton,Max,Chilton,1991-04-21,British
2013,resta,,DIR,http://en.wikipedia.org/wiki/Paul_di_Resta,Paul,di Resta,1986-04-16,British
2013,grosjean,8,GRO,http://en.wikipedia.org/wiki/Romain_Grosjean,Romain,Grosjean,1986-04-17,French
2013,gutierrez,21,GUT,http://en.wikipedia.org/wiki/Esteban_Guti%C3%A9rrez,Esteban,Gutiérrez,1991-08-05,Mexican
2013,hamilton,44,HAM,http://en.wikipedia.org/wiki/Lewis_Hamilton,Lewis,Hamilton,1985-01-07,British
2013,hulkenberg,27,HUL,http://en.wikipedia.org/wiki/Nico_H%C3%BClkenberg,Nico,Hülkenberg,1987-08-19,German
2013,kovalainen,,KOV,http://en.wikipedia.org/wiki/Heikki_Kovalainen,Heikki,Kovalainen,1981-10-19,Finnish
2013,maldonado,13,MAL,http://en.wikipedia.org/wiki/Pastor_Maldonado,Pastor,Maldonado,1985-03-09,Venezuelan
2013,massa,19,MAS,http://en.wikipedia.org/wiki/Felipe_Massa,Felipe,Massa,1981-04-25,Brazilian
2013,perez,11,PER,http://en.wikipedia.org/wiki/Sergio_P%C3%A9rez,Sergio,Pérez,1990-01-26,Mexican
2013,pic,,PIC,http://en.wikipedia.org/wiki/Charles_Pic,Charles,Pic,1990-02-15,French
2013,raikkonen,7,RAI,http://en.wikipedia.org/wiki/Kimi_R%C3%A4ikk%C3%B6nen,Kimi,Räikkönen,1979-10-17,Finnish
2013,ricciardo,3,RIC,http://en.wikipedia.org/wiki/Daniel_Ricciardo,Daniel,Ricciardo,1989-07-01,Australian
2013,rosberg,6,ROS,http://en.wikipedia.org/wiki/Nico_Rosberg,Nico,Rosberg,1985-06-27,German
2013,sutil,99,SUT,http://en.wikipedia.org/wiki/Adrian_Sutil,Adrian,Sutil,1983-01-11,German
2013,garde,,VDG,http://en.wikipedia.org/wiki/Giedo_van_der_Garde,Giedo,van der Garde,1985-04-25,Dutch
2013,vergne,25,VER,http://en.wikipedia.org/wiki/Jean-%C3%89ric_Vergne,Jean-Éric,Vergne,1990-04-25,French
2013,vettel,5,VET,http://en.wikipedia.org/wiki/Sebastian_Vettel,Sebastian,Vettel,1987-07-03,German
2013,webber,,WEB,http://en.wikipedia.org/wiki/Mark_Webber_(racing_driver),Mark,Webber,1976-08-27,Australian
2014,alonso,14,ALO,http://en.wikipedia.org/wiki/Fernando_Alonso,Fernando,Alonso,1981-07-29,Spanish
2014,jules_bianchi,17,BIA,http://en.wikipedia.org/wiki/Jules_Bianchi,Jules,Bianchi,1989-08-03,French
2014,bottas,77,BOT,http://en.wikipedia.org/wiki/Valtteri_Bottas,Valtteri,Bottas,1989-08-28,Finnish
2014,button,22,BUT,http://en.wikipedia.org/wiki/Jenson_Button,Jenson,Button,1980-01-19,British
2014,chilton,4,CHI,http://en.wikipedia.org/wiki/Max_Chilton,Max,Chilton,1991-04-21,British
2014,ericsson,9,ERI,http://en.wikipedia.org/wiki/Marcus_Ericsson,Marcus,Ericsson,1990-09-02,Swedish
2014,grosjean,8,GRO,http://en.wikipedia.org/wiki/Romain_Grosjean,Romain,Grosjean,1986-04-17,French
2014,gutierrez,21,GUT,http://en.wikipedia.org/wiki/Esteban_Guti%C3%A9rrez,Esteban,Gutiérrez,1991-08-05,Mexican
2014,hamilton,44,HAM,http://en.wikipedia.org/wiki/Lewis_Hamilton,Lewis,Hamilton,1985-01-07,British
2014,hulkenberg,27,HUL,http://en.wikipedia.org/wiki/Nico_H%C3%BClkenberg,Nico,Hülkenberg,1987-08-19,German
2014,kobayashi,10,KOB,http://en.wikipedia.org/wiki/Kamui_Kobayashi,Kamui,Kobayashi,1986-09-13,Japanese
2014,kvyat,26,KVY,http://en.wikipedia.org/wiki/Daniil_Kvyat,Daniil,Kvyat,1994-04-26,Russian
2014,lotterer,45,LOT,http://en.wikipedia.org/wiki/Andr%C3%A9_Lotterer,André,Lotterer,1981-11-19,German
2014,kevin_magnussen,20,MAG,http://en.wikipedia.org/wiki/Kevin_Magnussen,Kevin,Magnussen,1992-10-05,Danish
2014,maldonado,13,MAL,http://en.wikipedia.org/wiki/Pastor_Maldonado,Pastor,Maldonado,1985-03-09,Venezuelan
2014,massa,19,MAS,http://en.wikipedia.org/wiki/Felipe_Massa,Felipe,Massa,1981-04-25,Brazilian
2014,perez,11,PER,http://en.wikipedia.org/wiki/Sergio_P%C3%A9rez,Sergio,Pérez,1990-01-26,Mexican
2014,raikkonen,7,RAI,http://en.wikipedia.org/wiki/Kimi_R%C3%A4ikk%C3%B6nen,Kimi,Räikkönen,1979-10-17,Finnish
2014,ricciardo,3,RIC,http://en.wikipedia.org/wiki/Daniel_Ricciardo,Daniel,Ricciardo,1989-07-01,Australian
2014,rosberg,6,ROS,http://en.wikipedia.org/wiki/Nico_Rosberg,Nico,Rosberg,1985-06-27,German
2014,stevens,28,STE,http://en.wikipedia.org/wiki/Will_Stevens,Will,Stevens,1991-06-28,British
2014,sutil,99,SUT,http://en.wikipedia.org/wiki/Adrian_Sutil,Adrian,Sutil,1983-01-11,German
2014,vergne,25,VER,http://en.wikipedia.org/wiki/Jean-%C3%89ric_Vergne,Jean-Éric,Vergne,1990-04-25,French
2014,vettel,5,VET,http://en.wikipedia.org/wiki/Sebastian_Vettel,Sebastian,Vettel,1987-07-03,German
2015,alonso,14,ALO,http://en.wikipedia.org/wiki/Fernando_Alonso,Fernando,Alonso,1981-07-29,Spanish
2015,bottas,77,BOT,http://en.wikipedia.org/wiki/Valtteri_Bottas,Valtteri,Bottas,1989-08-28,Finnish
2015,button,22,BUT,http://en.wikipedia.org/wiki/Jenson_Button,Jenson,Button,1980-01-19,British
2015,ericsson,9,ERI,http://en.wikipedia.org/wiki/Marcus_Ericsson,Marcus,Ericsson,1990-09-02,Swedish
2015,grosjean,8,GRO,http://en.wikipedia.org/wiki/Romain_Grosjean,Romain,Grosjean,1986-04-17,French
2015,hamilton,44,HAM,http://en.wikipedia.org/wiki/Lewis_Hamilton,Lewis,Hamilton,1985-01-07,British
2015,hulkenberg,27,HUL,http://en.wikipedia.org/wiki/Nico_H%C3%BClkenberg,Nico,Hülkenberg,1987-08-19,German
2015,kvyat,26,KVY,http://en.wikipedia.org/wiki/Daniil_Kvyat,Daniil,Kvyat,1994-04-26,Russian
2015,kevin_magnussen,20,MAG,http://en.wikipedia.org/wiki/Kevin_Magnussen,Kevin,Magnussen,1992-10-05,Danish
2015,maldonado,13,MAL,http://en.wikipedia.org/wiki/Pastor_Maldonado,Pastor,Maldonado,1985-03-09,Venezuelan
2015,massa,19,MAS,http://en.wikipedia.org/wiki/Felipe_Massa,Felipe,Massa,1981-04-25,Brazilian
2015,merhi,98,MER,http://en.wikipedia.org/wiki/Roberto_Merhi,Roberto,Merhi,1991-03-22,Spanish
2015,nasr,12,NAS,http://en.wikipedia.org/wiki/Felipe_Nasr,Felipe,Nasr,1992-08-21,Brazilian
2015,perez,11,PER,http://en.wikipedia.org/wiki/Sergio_P%C3%A9rez,Sergio,Pérez,1990-01-26,Mexican
2015,raikkonen,7,RAI,http://en.wikipedia.org/wiki/Kimi_R%C3%A4ikk%C3%B6nen,Kimi,Räikkönen,1979-10-17,Finnish
2015,ricciardo,3,RIC,http://en.wikipedia.org/wiki/Daniel_Ricciardo,Daniel,Ricciardo,1989-07-01,Australian
2015,rosberg,6,ROS,http://en.wikipedia.org/wiki/Nico_Rosberg,Nico,Rosberg,1985-06-27,German
2015,rossi,53,RSS,http://en.wikipedia.org/wiki/Alexander_Rossi_%28racing_driver%29,Alexander,Rossi,1991-09-25,American
2015,sainz,55,SAI,http://en.wikipedia.org/wiki/Carlos_Sainz_Jr.,Carlos,Sainz,1994-09-01,Spanish
2015,stevens,28,STE,http://en.wikipedia.org/wiki/Will_Stevens,Will,Stevens,1991-06-28,British
2015,max_verstappen,33,VER,http://en.wikipedia.org/wiki/Max_Verstappen,Max,Verstappen,1997-09-30,Dutch
2015,vettel,5,VET,http://en.wikipedia.org/wiki/Sebastian_Vettel,Sebastian,Vettel,1987-07-03,German
2016,alonso,14,ALO,http://en.wikipedia.org/wiki/Fernando_Alonso,Fernando,Alonso,1981-07-29,Spanish
2016,bottas,77,BOT,http://en.wikipedia.org/wiki/Valtteri_Bottas,Valtteri,Bottas,1989-08-28,Finnish
2016,button,22,BUT,http://en.wikipedia.org/wiki/Jenson_Button,Jenson,Button,1980-01-19,British
2016,ericsson,9,ERI,http://en.wikipedia.org/wiki/Marcus_Ericsson,Marcus,Ericsson,1990-09-02,Swedish
2016,grosjean,8,GRO,http://en.wikipedia.org/wiki/Romain_Grosjean,Romain,Grosjean,1986-04-17,French
2016,gutierrez,21,GUT,http://en.wikipedia.org/wiki/Esteban_Guti%C3%A9rrez,Esteban,Gutiérrez,1991-08-05,Mexican
2016,hamilton,44,HAM,http://en.wikipedia.org/wiki/Lewis_Hamilton,Lewis,Hamilton,1985-01-07,British
2016,haryanto,88,HAR,http://en.wikipedia.org/wiki/Rio_Haryanto,Rio,Haryanto,1993-01-22,Indonesian
2016,hulkenberg,27,HUL,http://en.wikipedia.org/wiki/Nico_H%C3%BClkenberg,Nico,Hülkenberg,1987-08-19,German
2016,kvyat,26,KVY,http://en.wikipedia.org/wiki/Daniil_Kvyat,Daniil,Kvyat,1994-04-26,Russian
2016,kevin_magnussen,20,MAG,http://en.wikipedia.org/wiki/Kevin_Magnussen,Kevin,Magnussen,1992-10-05,Danish
2016,massa,19,MAS,http://en.wikipedia.org/wiki/Felipe_Massa,Felipe,Massa,1981-04-25,Brazilian
2016,nasr,12,NAS,http://en.wikipedia.org/wiki/Felipe_Nasr,Felipe,Nasr,1992-08-21,Brazilian
2016,ocon,31,OCO,http://en.wikipedia.org/wiki/Esteban_Ocon,Esteban,Ocon,1996-09-17,French
2016,jolyon_palmer,30,PAL,http://en.wikipedia.org/wiki/Jolyon_Palmer,Jolyon,Palmer,1991-01-20,British
2016,perez,11,PER,http://en.wikipedia.org/wiki/Sergio_P%C3%A9rez,Sergio,Pérez,1990-01-26,Mexican
2016,raikkonen,7,RAI,http://en.wikipedia.org/wiki/Kimi_R%C3%A4ikk%C3%B6nen,Kimi,Räikkönen,1979-10-17,Finnish
2016,ricciardo,3,RIC,http://en.wikipedia.org/wiki/Daniel_Ricciardo,Daniel,Ricciardo,1989-07-01,Australian
2016,rosberg,6,ROS,http://en.wikipedia.org/wiki/Nico_Rosberg,Nico,Rosberg,1985-06-27,German
2016,sainz,55,SAI,http://en.wikipedia.org/wiki/Carlos_Sainz_Jr.,Carlos,Sainz,1994-09-01,Spanish
2016,vandoorne,2,VAN,http://en.wikipedia.org/wiki/Stoffel_Vandoorne,Stoffel,Vandoorne,1992-03-26,Belgian
2016,max_verstappen,33,VER,http://en.wikipedia.org/wiki/Max_Verstappen,Max,Verstappen,1997-09-30,Dutch
2016,vettel,5,VET,http://en.wikipedia.org/wiki/Sebastian_Vettel,Sebastian,Vettel,1987-07-03,German
2016,wehrlein,94,WEH,http://en.wikipedia.org/wiki/Pascal_Wehrlein,Pascal,Wehrlein,1994-10-18,German
2017,alonso,14,ALO,http://en.wikipedia.org/wiki/Fernando_Alonso,Fernando,Alonso,1981-07-29,Spanish
2017,bottas,77,BOT,http://en.wikipedia.org/wiki/Valtteri_Bottas,Valtteri,Bottas,1989-08-28,Finnish
2017,button,22,BUT,http://en.wikipedia.org/wiki/Jenson_Button,Jenson,Button,1980-01-19,British
2017,resta,,DIR,http://en.wikipedia.org/wiki/Paul_di_Resta,Paul,di Resta,1986-04-16,British
2017,ericsson,9,ERI,http://en.wikipedia.org/wiki/Marcus_Ericsson,Marcus,Ericsson,1990-09-02,Swedish
2017,gasly,10,GAS,http://en.wikipedia.org/wiki/Pierre_Gasly,Pierre,Gasly,1996-02-07,French
2017,giovinazzi,99,GIO,http://en.wikipedia.org/wiki/Antonio_Giovinazzi,Antonio,Giovinazzi,1993-12-14,Italian
2017,grosjean,8,GRO,http://en.wikipedia.org/wiki/Romain_Grosjean,Romain,Grosjean,1986-04-17,French
2017,hamilton,44,HAM,http://en.wikipedia.org/wiki/Lewis_Hamilton,Lewis,Hamilton,1985-01-07,British
2017,brendon_hartley,28,HAR,http://en.wikipedia.org/wiki/Brendon_Hartley,Brendon,Hartley,1989-11-10,New Zealander
2017,hulkenberg,27,HUL,http://en.wikipedia.org/wiki/Nico_H%C3%BClkenberg,Nico,Hülkenberg,1987-08-19,German
2017,kvyat,26,KVY,http://en.wikipedia.org/wiki/Daniil_Kvyat,Daniil,Kvyat,1994-04-26,Russian
2017,kevin_magnussen,20,MAG,http://en.wikipedia.org/wiki/Kevin_Magnussen,Kevin,Magnussen,1992-10-05,Danish
2017,massa,19,MAS,http://en.wikipedia.org/wiki/Felipe_Massa,Felipe,Massa,1981-04-25,Brazilian
2017,ocon,31,OCO,http://en.wikipedia.org/wiki/Esteban_Ocon,Esteban,Ocon,1996-09-17,French
2017,jolyon_palmer,30,PAL,http://en.wikipedia.org/wiki/Jolyon_Palmer,Jolyon,Palmer,1991-01-20,British
2017,perez,11,PER,http://en.wikipedia.org/wiki/Sergio_P%C3%A9rez,Sergio,Pérez,1990-01-26,Mexican
2017,raikkonen,7,RAI,http://en.wikipedia.org/wiki/Kimi_R%C3%A4ikk%C3%B6nen,Kimi,Räikkönen,1979-10-17,Finnish
2017,ricciardo,3,RIC,http://en.wikipedia.org/wiki/Daniel_Ricciardo,Daniel,Ricciardo,1989-07-01,Australian
2017,sainz,55,SAI,http://en.wikipedia.org/wiki/Carlos_Sainz_Jr.,Carlos,Sainz,1994-09-01,Spanish
2017,stroll,18,STR,http://en.wikipedia.org/wiki/Lance_Stroll,Lance,Stroll,1998-10-29,Canadian
2017,vandoorne,2,VAN,http://en.wikipedia.org/wiki/Stoffel_Vandoorne,Stoffel,Vandoorne,1992-03-26,Belgian
2017,max_verstappen,33,VER,http://en.wikipedia.org/wiki/Max_Verstappen,Max,Verstappen,1997-09-30,Dutch
2017,vettel,5,VET,http://en.wikipedia.org/wiki/Sebastian_Vettel,Sebastian,Vettel,1987-07-03,German
2017,wehrlein,94,WEH,http://en.wikipedia.org/wiki/Pascal_Wehrlein,Pascal,Wehrlein,1994-10-18,German
2018,alonso,14,ALO,http://en.wikipedia.org/wiki/Fernando_Alonso,Fernando,Alonso,1981-07-29,Spanish
2018,bottas,77,BOT,http://en.wikipedia.org/wiki/Valtteri_Bottas,Valtteri,Bottas,1989-08-28,Finnish
2018,ericsson,9,ERI,http://en.wikipedia.org/wiki/Marcus_Ericsson,Marcus,Ericsson,1990-09-02,Swedish
2018,gasly,10,GAS,http://en.wikipedia.org/wiki/Pierre_Gasly,Pierre,Gasly,1996-02-07,French
2018,grosjean,8,GRO,http://en.wikipedia.org/wiki/Romain_Grosjean,Romain,Grosjean,1986-04-17,French
2018,hamilton,44,HAM,http://en.wikipedia.org/wiki/Lewis_Hamilton,Lewis,Hamilton,1985-01-07,British
2018,brendon_hartley,28,HAR,http://en.wikipedia.org/wiki/Brendon_Hartley,Brendon,Hartley,1989-11-10,New Zealander
2018,hulkenberg,27,HUL,http://en.wikipedia.org/wiki/Nico_H%C3%BClkenberg,Nico,Hülkenberg,1987-08-19,German
2018,leclerc,16,LEC,http://en.wikipedia.org/wiki/Charles_Leclerc,Charles,Leclerc,1997-10-16,Monegasque
2018,kevin_magnussen,20,MAG,http://en.wikipedia.org/wiki/Kevin_Magnussen,Kevin,Magnussen,1992-10-05,Danish
2018,ocon,31,OCO,http://en.wikipedia.org/wiki/Esteban_Ocon,Esteban,Ocon,1996-09-17,French
2018,perez,11,PER,http://en.wikipedia.org/wiki/Sergio_P%C3%A9rez,Sergio,Pérez,1990-01-26,Mexican
2018,raikkonen,7,RAI,http://en.wikipedia.org/wiki/Kimi_R%C3%A4ikk%C3%B6nen,Kimi,Räikkönen,1979-10-17,Finnish
2018,ricciardo,3,RIC,http://en.wikipedia.org/wiki/Daniel_Ricciardo,Daniel,Ricciardo,1989-07-01,Australian
2018,sainz,55,SAI,http://en.wikipedia.org/wiki/Carlos_Sainz_Jr.,Carlos,Sainz,1994-09-01,Spanish
2018,sirotkin,35,SIR,http://en.wikipedia.org/wiki/Sergey_Sirotkin_(racing_driver),Sergey,Sirotkin,1995-08-27,Russian
2018,stroll,18,STR,http://en.wikipedia.org/wiki/Lance_Stroll,Lance,Stroll,1998-10-29,Canadian
2018,vandoorne,2,VAN,http://en.wikipedia.org/wiki/Stoffel_Vandoorne,Stoffel,Vandoorne,1992-03-26,Belgian
2018,max_verstappen,33,VER,http://en.wikipedia.org/wiki/Max_Verstappen,Max,Verstappen,1997-09-30,Dutch
2018,vettel,5,VET,http://en.wikipedia.org/wiki/Sebastian_Vettel,Sebastian,Vettel,1987-07-03,German
2019,albon,23,ALB,http://en.wikipedia.org/wiki/Alexander_Albon,Alexander,Albon,1996-03-23,Thai
2019,bottas,77,BOT,http://en.wikipedia.org/wiki/Valtteri_Bottas,Valtteri,Bottas,1989-08-28,Finnish
2019,gasly,10,GAS,http://en.wikipedia.org/wiki/Pierre_Gasly,Pierre,Gasly,1996-02-07,French
2019,giovinazzi,99,GIO,http://en.wikipedia.org/wiki/Antonio_Giovinazzi,Antonio,Giovinazzi,1993-12-14,Italian
2019,grosjean,8,GRO,http://en.wikipedia.org/wiki/Romain_Grosjean,Romain,Grosjean,1986-04-17,French
2019,hamilton,44,HAM,http://en.wikipedia.org/wiki/Lewis_Hamilton,Lewis,Hamilton,1985-01-07,British
2019,hulkenberg,27,HUL,http://en.wikipedia.org/wiki/Nico_H%C3%BClkenberg,Nico,Hülkenberg,1987-08-19,German
2019,kubica,88,KUB,http://en.wikipedia.org/wiki/Robert_Kubica,Robert,Kubica,1984-12-07,Polish
2019,kvyat,26,KVY,http://en.wikipedia.org/wiki/Daniil_Kvyat,Daniil,Kvyat,1994-04-26,Russian
2019,leclerc,16,LEC,http://en.wikipedia.org/wiki/Charles_Leclerc,Charles,Leclerc,1997-10-16,Monegasque
2019,kevin_magnussen,20,MAG,http://en.wikipedia.org/wiki/Kevin_Magnussen,Kevin,Magnussen,1992-10-05,Danish
2019,norris,4,NOR,http://en.wikipedia.org/wiki/Lando_Norris,Lando,Norris,1999-11-13,British
2019,perez,11,PER,http://en.wikipedia.org/wiki/Sergio_P%C3%A9rez,Sergio,Pérez,1990-01-26,Mexican
2019,raikkonen,7,RAI,http://en.wikipedia.org/wiki/Kimi_R%C3%A4ikk%C3%B6nen,Kimi,Räikkönen,1979-10-17,Finnish
2019,ricciardo,3,RIC,http://en.wikipedia.org/wiki/Daniel_Ricciardo,Daniel,Ricciardo,1989-07-01,Australian
2019,russell,63,RUS,http://en.wikipedia.org/wiki/George_Russell_%28racing_driver%29,George,Russell,1998-02-15,British
2019,sainz,55,SAI,http://en.wikipedia.org/wiki/Carlos_Sainz_Jr.,Carlos,Sainz,1994-09-01,Spanish
2019,stroll,18,STR,http://en.wikipedia.org/wiki/Lance_Stroll,Lance,Stroll,1998-10-29,Canadian
2019,max_verstappen,33,VER,http://en.wikipedia.org/wiki/Max_Verstappen,Max,Verstappen,1997-09-30,Dutch
2019,vettel,5,VET,http://en.wikipedia.org/wiki/Sebastian_Vettel,Sebastian,Vettel,1987-07-03,German
2020,aitken,89,AIT,http://en.wikipedia.org/wiki/Jack_Aitken,Jack,Aitken,1995-09-23,British
2020,albon,23,ALB,http://en.wikipedia.org/wiki/Alexander_Albon,Alexander,Albon,1996-03-23,Thai
2020,bottas,77,BOT,http://en.wikipedia.org/wiki/Valtteri_Bottas,Valtteri,Bottas,1989-08-28,Finnish
2020,pietro_fittipaldi,51,FIT,http://en.wikipedia.org/wiki/Pietro_Fittipaldi,Pietro,Fittipaldi,1996-06-25,Brazilian
2020,gasly,10,GAS,http://en.wikipedia.org/wiki/Pierre_Gasly,Pierre,Gasly,1996-02-07,French
2020,giovinazzi,99,GIO,http://en.wikipedia.org/wiki/Antonio_Giovinazzi,Antonio,Giovinazzi,1993-12-14,Italian
2020,grosjean,8,GRO,http://en.wikipedia.org/wiki/Romain_Grosjean,Romain,Grosjean,1986-04-17,French
2020,hamilton,44,HAM,http://en.wikipedia.org/wiki/Lewis_Hamilton,Lewis,Hamilton,1985-01-07,British
2020,hulkenberg,27,HUL,http://en.wikipedia.org/wiki/Nico_H%C3%BClkenberg,Nico,Hülkenberg,1987-08-19,German
2020,kvyat,26,KVY,http://en.wikipedia.org/wiki/Daniil_Kvyat,Daniil,Kvyat,1994-04-26,Russian
2020,latifi,6,LAT,http://en.wikipedia.org/wiki/Nicholas_Latifi,Nicholas,Latifi,1995-06-29,Canadian
2020,leclerc,16,LEC,http://en.wikipedia.org/wiki/Charles_Leclerc,Charles,Leclerc,1997-10-16,Monegasque
2020,kevin_magnussen,20,MAG,http://en.wikipedia.org/wiki/Kevin_Magnussen,Kevin,Magnussen,1992-10-05,Danish
2020,norris,4,NOR,http://en.wikipedia.org/wiki/Lando_Norris,Lando,Norris,1999-11-13,British
2020,ocon,31,OCO,http://en.wikipedia.org/wiki/Esteban_Ocon,Esteban,Ocon,1996-09-17,French
2020,perez,11,PER,http://en.wikipedia.org/wiki/Sergio_P%C3%A9rez,Sergio,Pérez,1990-01-26,Mexican
2020,raikkonen,7,RAI,http://en.wikipedia.org/wiki/Kimi_R%C3%A4ikk%C3%B6nen,Kimi,Räikkönen,1979-10-17,Finnish
2020,ricciardo,3,RIC,http://en.wikipedia.org/wiki/Daniel_Ricciardo,Daniel,Ricciardo,1989-07-01,Australian
2020,russell,63,RUS,http://en.wikipedia.org/wiki/George_Russell_%28racing_driver%29,George,Russell,1998-02-15,British
2020,sainz,55,SAI,http://en.wikipedia.org/wiki/Carlos_Sainz_Jr.,Carlos,Sainz,1994-09-01,Spanish
2020,stroll,18,STR,http://en.wikipedia.org/wiki/Lance_Stroll,Lance,Stroll,1998-10-29,Canadian
2020,max_verstappen,33,VER,http://en.wikipedia.org/wiki/Max_Verstappen,Max,Verstappen,1997-09-30,Dutch
2020,vettel,5,VET,http://en.wikipedia.org/wiki/Sebastian_Vettel,Sebastian,Vettel,1987-07-03,German
2021,alonso,14,ALO,http://en.wikipedia.org/wiki/Fernando_Alonso,Fernando,Alonso,1981-07-29,Spanish
2021,bottas,77,BOT,http://en.wikipedia.org/wiki/Valtteri_Bottas,Valtteri,Bottas,1989-08-28,Finnish
2021,gasly,10,GAS,http://en.wikipedia.org/wiki/Pierre_Gasly,Pierre,Gasly,1996-02-07,French
2021,giovinazzi,99,GIO,http://en.wikipedia.org/wiki/Antonio_Giovinazzi,Antonio,Giovinazzi,1993-12-14,Italian
2021,hamilton,44,HAM,http://en.wikipedia.org/wiki/Lewis_Hamilton,Lewis,Hamilton,1985-01-07,British
2021,kubica,88,KUB,http://en.wikipedia.org/wiki/Robert_Kubica,Robert,Kubica,1984-12-07,Polish
2021,latifi,6,LAT,http://en.wikipedia.org/wiki/Nicholas_Latifi,Nicholas,Latifi,1995-06-29,Canadian
2021,leclerc,16,LEC,http://en.wikipedia.org/wiki/Charles_Leclerc,Charles,Leclerc,1997-10-16,Monegasque
2021,mazepin,9,MAZ,http://en.wikipedia.org/wiki/Nikita_Mazepin,Nikita,Mazepin,1999-03-02,Russian
2021,norris,4,NOR,http://en.wikipedia.org/wiki/Lando_Norris,Lando,Norris,1999-11-13,British
2021,ocon,31,OCO,http://en.wikipedia.org/wiki/Esteban_Ocon,Esteban,Ocon,1996-09-17,French
2021,perez,11,PER,http://en.wikipedia.org/wiki/Sergio_P%C3%A9rez,Sergio,Pérez,1990-01-26,Mexican
2021,raikkonen,7,RAI,http://en.wikipedia.org/wiki/Kimi_R%C3%A4ikk%C3%B6nen,Kimi,Räikkönen,1979-10-17,Finnish
2021,ricciardo,3,RIC,http://en.wikipedia.org/wiki/Daniel_Ricciardo,Daniel,Ricciardo,1989-07-01,Australian
2021,russell,63,RUS,http://en.wikipedia.org/wiki/George_Russell_%28racing_driver%29,George,Russell,1998-02-15,British
2021,sainz,55,SAI,http://en.wikipedia.org/wiki/Carlos_Sainz_Jr.,Carlos,Sainz,1994-09-01,Spanish
2021,mick_schumacher,47,MSC,http://en.wikipedia.org/wiki/Mick_Schumacher,Mick,Schumacher,1999-03-22,German
2021,stroll,18,STR,http://en.wikipedia.org/wiki/Lance_Stroll,Lance,Stroll,1998-10-29,Canadian
2021,tsunoda,22,TSU,http://en.wikipedia.org/wiki/Yuki_Tsunoda,Yuki,Tsunoda,2000-05-11,Japanese
2021,max_verstappen,33,VER,http://en.wikipedia.org/wiki/Max_Verstappen,Max,Verstappen,1997-09-30,Dutch
2021,vettel,5,VET,http://en.wikipedia.org/wiki/Sebastian_Vettel,Sebastian,Vettel,1987-07-03,German
2022,albon,23,ALB,http://en.wikipedia.org/wiki/Alexander_Albon,Alexander,Albon,1996-03-23,Thai
2022,alonso,14,ALO,http://en.wikipedia.org/wiki/Fernando_Alonso,Fernando,Alonso,1981-07-29,Spanish
2022,bottas,77,BOT,http://en.wikipedia.org/wiki/Valtteri_Bottas,Valtteri,Bottas,1989-08-28,Finnish
2022,de_vries,21,DEV,http://en.wikipedia.org/wiki/Nyck_de_Vries,Nyck,de Vries,1995-02-06,Dutch
2022,gasly,10,GAS,http://en.wikipedia.org/wiki/Pierre_Gasly,Pierre,Gasly,1996-02-07,French
2022,hamilton,44,HAM,http://en.wikipedia.org/wiki/Lewis_Hamilton,Lewis,Hamilton,1985-01-07,British
2022,hulkenberg,27,HUL,http://en.wikipedia.org/wiki/Nico_H%C3%BClkenberg,Nico,Hülkenberg,1987-08-19,German
2022,latifi,6,LAT,http://en.wikipedia.org/wiki/Nicholas_Latifi,Nicholas,Latifi,1995-06-29,Canadian
2022,leclerc,16,LEC,http://en.wikipedia.org/wiki/Charles_Leclerc,Charles,Leclerc,1997-10-16,Monegasque
2022,kevin_magnussen,20,MAG,http://en.wikipedia.org/wiki/Kevin_Magnussen,Kevin,Magnussen,1992-10-05,Danish
2022,norris,4,NOR,http://en.wikipedia.org/wiki/Lando_Norris,Lando,Norris,1999-11-13,British
2022,ocon,31,OCO,http://en.wikipedia.org/wiki/Esteban_Ocon,Esteban,Ocon,1996-09-17,French
2022,perez,11,PER,http://en.wikipedia.org/wiki/Sergio_P%C3%A9rez,Sergio,Pérez,1990-01-26,Mexican
2022,ricciardo,3,RIC,http://en.wikipedia.org/wiki/Daniel_Ricciardo,Daniel,Ricciardo,1989-07-01,Australian
2022,russell,63,RUS,http://en.wikipedia.org/wiki/George_Russell_%28racing_driver%29,George,Russell,1998-02-15,British
2022,sainz,55,SAI,http://en.wikipedia.org/wiki/Carlos_Sainz_Jr.,Carlos,Sainz,1994-09-01,Spanish
2022,mick_schumacher,47,MSC,http://en.wikipedia.org/wiki/Mick_Schumacher,Mick,Schumacher,1999-03-22,German
2022,stroll,18,STR,http://en.wikipedia.org/wiki/Lance_Stroll,Lance,Stroll,1998-10-29,Canadian
2022,tsunoda,22,TSU,http://en.wikipedia.org/wiki/Yuki_Tsunoda,Yuki,Tsunoda,2000-05-11,Japanese
2022,max_verstappen,33,VER,http://en.wikipedia.org/wiki/Max_Verstappen,Max,Verstappen,1997-09-30,Dutch
2022,vettel,5,VET,http://en.wikipedia.org/wiki/Sebastian_Vettel,Sebastian,Vettel,1987-07-03,German
2022,zhou,24,ZHO,http://en.wikipedia.org/wiki/Guanyu_Zhou,Guanyu,Zhou,1999-05-30,Chinese
