year,number,position,driverId,permanentNumber,code,urlD,givenName,familyName,dob,nationality,constructorId,urlC,name,nationalityC,Q1,Q2,Q3
2010,5,1,vettel,5,VET,http://en.wikipedia.org/wiki/Sebastian_Vettel,Sebastian,Vettel,1987-07-03,German,red_bull,http://en.wikipedia.org/wiki/Red_Bull_Racing,Red Bull,Austrian,1:55.029,1:53.883,1:54.101
2010,7,2,massa,19,MAS,http://en.wikipedia.org/wiki/Felipe_Massa,Felipe,Massa,1981-04-25,Brazilian,ferrari,http://en.wikipedia.org/wiki/Scuderia_Ferrari,Ferrari,Italian,1:55.313,1:54.331,1:54.242
2010,8,3,alonso,14,ALO,http://en.wikipedia.org/wiki/Fernando_Alonso,Fernando,Alonso,1981-07-29,Spanish,ferrari,http://en.wikipedia.org/wiki/Scuderia_Ferrari,Ferrari,Italian,1:54.612,1:54.172,1:54.608
2010,2,4,hamilton,44,HAM,http://en.wikipedia.org/wiki/Lewis_Hamilton,Lewis,Hamilton,1985-01-07,British,mclaren,http://en.wikipedia.org/wiki/McLaren,McLaren,British,1:55.341,1:54.707,1:55.217
2010,4,5,rosberg,6,ROS,http://en.wikipedia.org/wiki/Nico_Rosberg,Nico,Rosberg,1985-06-27,German,mercedes,http://en.wikipedia.org/wiki/Mercedes-Benz_in_Formula_One,Mercedes,German,1:55.463,1:54.682,1:55.241
2010,6,6,webber,,WEB,http://en.wikipedia.org/wiki/Mark_Webber_(racing_driver),Mark,Webber,1976-08-27,Australian,red_bull,http://en.wikipedia.org/wiki/Red_Bull_Racing,Red Bull,Austrian,1:55.298,1:54.318,1:55.284
2010,3,7,michael_schumacher,,MSC,http://en.wikipedia.org/wiki/Michael_Schumacher,Michael,Schumacher,1969-01-03,German,mercedes,http://en.wikipedia.org/wiki/Mercedes-Benz_in_Formula_One,Mercedes,German,1:55.593,1:55.105,1:55.524
2010,1,8,button,22,BUT,http://en.wikipedia.org/wiki/Jenson_Button,Jenson,Button,1980-01-19,British,mclaren,http://en.wikipedia.org/wiki/McLaren,McLaren,British,1:55.715,1:55.168,1:55.672
2010,11,9,kubica,88,KUB,http://en.wikipedia.org/wiki/Robert_Kubica,Robert,Kubica,1984-12-07,Polish,renault,http://en.wikipedia.org/wiki/Renault_in_Formula_One,Renault,French,1:55.511,1:54.963,1:55.885
2010,14,10,sutil,99,SUT,http://en.wikipedia.org/wiki/Adrian_Sutil,Adrian,Sutil,1983-01-11,German,force_india,http://en.wikipedia.org/wiki/Racing_Point_Force_India,Force India,Indian,1:55.213,1:54.996,1:56.309
2010,9,11,barrichello,,BAR,http://en.wikipedia.org/wiki/Rubens_Barrichello,Rubens,Barrichello,1972-05-23,Brazilian,williams,http://en.wikipedia.org/wiki/Williams_Grand_Prix_Engineering,Williams,British,1:55.969,1:55.330,
2010,15,12,liuzzi,,LIU,http://en.wikipedia.org/wiki/Vitantonio_Liuzzi,Vitantonio,Liuzzi,1980-08-06,Italian,force_india,http://en.wikipedia.org/wiki/Racing_Point_Force_India,Force India,Indian,1:55.628,1:55.623,
2010,10,13,hulkenberg,27,HUL,http://en.wikipedia.org/wiki/Nico_H%C3%BClkenberg,Nico,Hülkenberg,1987-08-19,German,williams,http://en.wikipedia.org/wiki/Williams_Grand_Prix_Engineering,Williams,British,1:56.375,1:55.857,
2010,22,14,rosa,,DLR,http://en.wikipedia.org/wiki/Pedro_de_la_Rosa,Pedro,de la Rosa,1971-02-24,Spanish,sauber,http://en.wikipedia.org/wiki/Sauber,Sauber,Swiss,1:56.428,1:56.237,
2010,16,15,buemi,,BUE,http://en.wikipedia.org/wiki/S%C3%A9bastien_Buemi,Sébastien,Buemi,1988-10-31,Swiss,toro_rosso,http://en.wikipedia.org/wiki/Scuderia_Toro_Rosso,Toro Rosso,Italian,1:56.189,1:56.265,
2010,23,16,kobayashi,10,KOB,http://en.wikipedia.org/wiki/Kamui_Kobayashi,Kamui,Kobayashi,1986-09-13,Japanese,sauber,http://en.wikipedia.org/wiki/Sauber,Sauber,Swiss,1:56.541,1:56.270,
2010,12,17,petrov,,PET,http://en.wikipedia.org/wiki/Vitaly_Petrov,Vitaly,Petrov,1984-09-08,Russian,renault,http://en.wikipedia.org/wiki/Renault_in_Formula_One,Renault,French,1:56.167,1:56.619,
2010,17,18,alguersuari,,ALG,http://en.wikipedia.org/wiki/Jaime_Alguersuari,Jaime,Alguersuari,1990-03-23,Spanish,toro_rosso,http://en.wikipedia.org/wiki/Scuderia_Toro_Rosso,Toro Rosso,Italian,1:57.071,,
2010,24,19,glock,,GLO,http://en.wikipedia.org/wiki/Timo_Glock,Timo,Glock,1982-03-18,German,virgin,http://en.wikipedia.org/wiki/Virgin_Racing,Virgin,British,1:59.728,,
2010,18,20,trulli,,TRU,http://en.wikipedia.org/wiki/Jarno_Trulli,Jarno,Trulli,1974-07-13,Italian,lotus_racing,http://en.wikipedia.org/wiki/Lotus_Racing,Lotus,Malaysian,1:59.852,,
2010,19,21,kovalainen,,KOV,http://en.wikipedia.org/wiki/Heikki_Kovalainen,Heikki,Kovalainen,1981-10-19,Finnish,lotus_racing,http://en.wikipedia.org/wiki/Lotus_Racing,Lotus,Malaysian,2:00.313,,
2010,25,22,grassi,,DIG,http://en.wikipedia.org/wiki/Lucas_di_Grassi,Lucas,di Grassi,1984-08-11,Brazilian,virgin,http://en.wikipedia.org/wiki/Virgin_Racing,Virgin,British,2:00.587,,
2010,21,23,bruno_senna,,SEN,http://en.wikipedia.org/wiki/Bruno_Senna,Bruno,Senna,1983-10-15,Brazilian,hrt,http://en.wikipedia.org/wiki/Hispania_Racing,HRT,Spanish,2:03.204,,
2010,20,24,chandhok,,CHA,http://en.wikipedia.org/wiki/Karun_Chandhok,Karun,Chandhok,1984-01-19,Indian,hrt,http://en.wikipedia.org/wiki/Hispania_Racing,HRT,Spanish,2:04.904,,
2010,5,1,vettel,5,VET,http://en.wikipedia.org/wiki/Sebastian_Vettel,Sebastian,Vettel,1987-07-03,German,red_bull,http://en.wikipedia.org/wiki/Red_Bull_Racing,Red Bull,Austrian,1:24.774,1:24.096,1:23.919
2010,6,2,webber,,WEB,http://en.wikipedia.org/wiki/Mark_Webber_(racing_driver),Mark,Webber,1976-08-27,Australian,red_bull,http://en.wikipedia.org/wiki/Red_Bull_Racing,Red Bull,Austrian,1:25.286,1:24.276,1:24.035
2010,8,3,alonso,14,ALO,http://en.wikipedia.org/wiki/Fernando_Alonso,Fernando,Alonso,1981-07-29,Spanish,ferrari,http://en.wikipedia.org/wiki/Scuderia_Ferrari,Ferrari,Italian,1:25.082,1:24.335,1:24.111
2010,1,4,button,22,BUT,http://en.wikipedia.org/wiki/Jenson_Button,Jenson,Button,1980-01-19,British,mclaren,http://en.wikipedia.org/wiki/McLaren,McLaren,British,1:24.897,1:24.531,1:24.675
2010,7,5,massa,19,MAS,http://en.wikipedia.org/wiki/Felipe_Massa,Felipe,Massa,1981-04-25,Brazilian,ferrari,http://en.wikipedia.org/wiki/Scuderia_Ferrari,Ferrari,Italian,1:25.548,1:25.010,1:24.837
2010,4,6,rosberg,6,ROS,http://en.wikipedia.org/wiki/Nico_Rosberg,Nico,Rosberg,1985-06-27,German,mercedes,http://en.wikipedia.org/wiki/Mercedes-Benz_in_Formula_One,Mercedes,German,1:24.788,1:24.788,1:24.884
2011,1,1,vettel,5,VET,http://en.wikipedia.org/wiki/Sebastian_Vettel,Sebastian,Vettel,1987-07-03,German,red_bull,http://en.wikipedia.org/wiki/Red_Bull_Racing,Red Bull,Austrian,1:25.296,1:24.090,1:23.529
2011,3,2,hamilton,44,HAM,http://en.wikipedia.org/wiki/Lewis_Hamilton,Lewis,Hamilton,1985-01-07,British,mclaren,http://en.wikipedia.org/wiki/McLaren,McLaren,British,1:25.384,1:24.595,1:24.307
2011,2,3,webber,,WEB,http://en.wikipedia.org/wiki/Mark_Webber_(racing_driver),Mark,Webber,1976-08-27,Australian,red_bull,http://en.wikipedia.org/wiki/Red_Bull_Racing,Red Bull,Austrian,1:25.900,1:24.658,1:24.395
2011,4,4,button,22,BUT,http://en.wikipedia.org/wiki/Jenson_Button,Jenson,Button,1980-01-19,British,mclaren,http://en.wikipedia.org/wiki/McLaren,McLaren,British,1:25.886,1:24.957,1:24.779
2011,5,5,alonso,14,ALO,http://en.wikipedia.org/wiki/Fernando_Alonso,Fernando,Alonso,1981-07-29,Spanish,ferrari,http://en.wikipedia.org/wiki/Scuderia_Ferrari,Ferrari,Italian,1:25.707,1:25.242,1:24.974
2011,10,6,petrov,,PET,http://en.wikipedia.org/wiki/Vitaly_Petrov,Vitaly,Petrov,1984-09-08,Russian,renault,http://en.wikipedia.org/wiki/Renault_in_Formula_One,Renault,French,1:25.543,1:25.582,1:25.247
2011,8,7,rosberg,6,ROS,http://en.wikipedia.org/wiki/Nico_Rosberg,Nico,Rosberg,1985-06-27,German,mercedes,http://en.wikipedia.org/wiki/Mercedes-Benz_in_Formula_One,Mercedes,German,1:25.856,1:25.606,1:25.421
2011,6,8,massa,19,MAS,http://en.wikipedia.org/wiki/Felipe_Massa,Felipe,Massa,1981-04-25,Brazilian,ferrari,http://en.wikipedia.org/wiki/Scuderia_Ferrari,Ferrari,Italian,1:26.031,1:25.611,1:25.599
2011,16,9,kobayashi,10,KOB,http://en.wikipedia.org/wiki/Kamui_Kobayashi,Kamui,Kobayashi,1986-09-13,Japanese,sauber,http://en.wikipedia.org/wiki/Sauber,Sauber,Swiss,1:25.717,1:25.405,1:25.626
2011,18,10,buemi,,BUE,http://en.wikipedia.org/wiki/S%C3%A9bastien_Buemi,Sébastien,Buemi,1988-10-31,Swiss,toro_rosso,http://en.wikipedia.org/wiki/Scuderia_Toro_Rosso,Toro Rosso,Italian,1:26.232,1:25.882,1:27.066
2011,7,11,michael_schumacher,,MSC,http://en.wikipedia.org/wiki/Michael_Schumacher,Michael,Schumacher,1969-01-03,German,mercedes,http://en.wikipedia.org/wiki/Mercedes-Benz_in_Formula_One,Mercedes,German,1:25.962,1:25.971,
2011,19,12,alguersuari,,ALG,http://en.wikipedia.org/wiki/Jaime_Alguersuari,Jaime,Alguersuari,1990-03-23,Spanish,toro_rosso,http://en.wikipedia.org/wiki/Scuderia_Toro_Rosso,Toro Rosso,Italian,1:26.620,1:26.103,
2011,17,13,perez,11,PER,http://en.wikipedia.org/wiki/Sergio_P%C3%A9rez,Sergio,Pérez,1990-01-26,Mexican,sauber,http://en.wikipedia.org/wiki/Sauber,Sauber,Swiss,1:25.812,1:26.108,
2011,15,14,resta,,DIR,http://en.wikipedia.org/wiki/Paul_di_Resta,Paul,di Resta,1986-04-16,British,force_india,http://en.wikipedia.org/wiki/Racing_Point_Force_India,Force India,Indian,1:27.222,1:26.739,
2011,12,15,maldonado,13,MAL,http://en.wikipedia.org/wiki/Pastor_Maldonado,Pastor,Maldonado,1985-03-09,Venezuelan,williams,http://en.wikipedia.org/wiki/Williams_Grand_Prix_Engineering,Williams,British,1:26.298,1:26.768,
2011,14,16,sutil,99,SUT,http://en.wikipedia.org/wiki/Adrian_Sutil,Adrian,Sutil,1983-01-11,German,force_india,http://en.wikipedia.org/wiki/Racing_Point_Force_India,Force India,Indian,1:26.245,1:31.407,
2011,11,17,barrichello,,BAR,http://en.wikipedia.org/wiki/Rubens_Barrichello,Rubens,Barrichello,1972-05-23,Brazilian,williams,http://en.wikipedia.org/wiki/Williams_Grand_Prix_Engineering,Williams,British,1:26.270,,
2011,9,18,heidfeld,,HEI,http://en.wikipedia.org/wiki/Nick_Heidfeld,Nick,Heidfeld,1977-05-10,German,renault,http://en.wikipedia.org/wiki/Renault_in_Formula_One,Renault,French,1:27.239,,
2011,20,19,kovalainen,,KOV,http://en.wikipedia.org/wiki/Heikki_Kovalainen,Heikki,Kovalainen,1981-10-19,Finnish,lotus_racing,http://en.wikipedia.org/wiki/Lotus_Racing,Lotus,Malaysian,1:29.254,,
2011,21,20,trulli,,TRU,http://en.wikipedia.org/wiki/Jarno_Trulli,Jarno,Trulli,1974-07-13,Italian,lotus_racing,http://en.wikipedia.org/wiki/Lotus_Racing,Lotus,Malaysian,1:29.342,,
2011,24,21,glock,,GLO,http://en.wikipedia.org/wiki/Timo_Glock,Timo,Glock,1982-03-18,German,virgin,http://en.wikipedia.org/wiki/Virgin_Racing,Virgin,British,1:29.858,,
2011,25,22,ambrosio,,DAM,http://en.wikipedia.org/wiki/J%C3%A9r%C3%B4me_d%27Ambrosio,Jérôme,d'Ambrosio,1985-12-27,Belgian,virgin,http://en.wikipedia.org/wiki/Virgin_Racing,Virgin,British,1:30.822,,
2011,23,23,liuzzi,,LIU,http://en.wikipedia.org/wiki/Vitantonio_Liuzzi,Vitantonio,Liuzzi,1980-08-06,Italian,hrt,http://en.wikipedia.org/wiki/Hispania_Racing,HRT,Spanish,1:32.978,,
2011,22,24,karthikeyan,,KAR,http://en.wikipedia.org/wiki/Narain_Karthikeyan,Narain,Karthikeyan,1977-01-14,Indian,hrt,http://en.wikipedia.org/wiki/Hispania_Racing,HRT,Spanish,1:34.293,,
2011,1,1,vettel,5,VET,http://en.wikipedia.org/wiki/Sebastian_Vettel,Sebastian,Vettel,1987-07-03,German,red_bull,http://en.wikipedia.org/wiki/Red_Bull_Racing,Red Bull,Austrian,1:37.468,1:35.934,1:34.870
2011,3,2,hamilton,44,HAM,http://en.wikipedia.org/wiki/Lewis_Hamilton,Lewis,Hamilton,1985-01-07,British,mclaren,http://en.wikipedia.org/wiki/McLaren,McLaren,British,1:36.861,1:35.852,1:34.974
2011,2,3,webber,,WEB,http://en.wikipedia.org/wiki/Mark_Webber_(racing_driver),Mark,Webber,1976-08-27,Australian,red_bull,http://en.wikipedia.org/wiki/Red_Bull_Racing,Red Bull,Austrian,1:37.924,1:36.080,1:35.179
2011,4,4,button,22,BUT,http://en.wikipedia.org/wiki/Jenson_Button,Jenson,Button,1980-01-19,British,mclaren,http://en.wikipedia.org/wiki/McLaren,McLaren,British,1:37.033,1:35.569,1:35.200
2011,5,5,alonso,14,ALO,http://en.wikipedia.org/wiki/Fernando_Alonso,Fernando,Alonso,1981-07-29,Spanish,ferrari,http://en.wikipedia.org/wiki/Scuderia_Ferrari,Ferrari,Italian,1:36.897,1:36.320,1:35.802
2011,9,6,heidfeld,,HEI,http://en.wikipedia.org/wiki/Nick_Heidfeld,Nick,Heidfeld,1977-05-10,German,renault,http://en.wikipedia.org/wiki/Renault_in_Formula_One,Renault,French,1:37.224,1:36.811,1:36.124
2012,4,1,hamilton,44,HAM,http://en.wikipedia.org/wiki/Lewis_Hamilton,Lewis,Hamilton,1985-01-07,British,mclaren,http://en.wikipedia.org/wiki/McLaren,McLaren,British,1:26.800,1:25.626,1:24.922
2012,3,2,button,22,BUT,http://en.wikipedia.org/wiki/Jenson_Button,Jenson,Button,1980-01-19,British,mclaren,http://en.wikipedia.org/wiki/McLaren,McLaren,British,1:26.832,1:25.663,1:25.074
2012,10,3,grosjean,8,GRO,http://en.wikipedia.org/wiki/Romain_Grosjean,Romain,Grosjean,1986-04-17,French,lotus_f1,http://en.wikipedia.org/wiki/Lotus_F1,Lotus F1,British,1:26.498,1:25.845,1:25.302
2012,7,4,michael_schumacher,,MSC,http://en.wikipedia.org/wiki/Michael_Schumacher,Michael,Schumacher,1969-01-03,German,mercedes,http://en.wikipedia.org/wiki/Mercedes-Benz_in_Formula_One,Mercedes,German,1:26.586,1:25.571,1:25.336
2012,2,5,webber,,WEB,http://en.wikipedia.org/wiki/Mark_Webber_(racing_driver),Mark,Webber,1976-08-27,Australian,red_bull,http://en.wikipedia.org/wiki/Red_Bull_Racing,Red Bull,Austrian,1:27.117,1:26.597,1:25.651
2012,1,6,vettel,5,VET,http://en.wikipedia.org/wiki/Sebastian_Vettel,Sebastian,Vettel,1987-07-03,German,red_bull,http://en.wikipedia.org/wiki/Red_Bull_Racing,Red Bull,Austrian,1:26.773,1:25.982,1:25.668
2012,8,7,rosberg,6,ROS,http://en.wikipedia.org/wiki/Nico_Rosberg,Nico,Rosberg,1985-06-27,German,mercedes,http://en.wikipedia.org/wiki/Mercedes-Benz_in_Formula_One,Mercedes,German,1:26.763,1:25.469,1:25.686
2012,18,8,maldonado,13,MAL,http://en.wikipedia.org/wiki/Pastor_Maldonado,Pastor,Maldonado,1985-03-09,Venezuelan,williams,http://en.wikipedia.org/wiki/Williams_Grand_Prix_Engineering,Williams,British,1:26.803,1:26.206,1:25.908
2012,12,9,hulkenberg,27,HUL,http://en.wikipedia.org/wiki/Nico_H%C3%BClkenberg,Nico,Hülkenberg,1987-08-19,German,force_india,http://en.wikipedia.org/wiki/Racing_Point_Force_India,Force India,Indian,1:27.464,1:26.314,1:26.451
2012,16,10,ricciardo,3,RIC,http://en.wikipedia.org/wiki/Daniel_Ricciardo,Daniel,Ricciardo,1989-07-01,Australian,toro_rosso,http://en.wikipedia.org/wiki/Scuderia_Toro_Rosso,Toro Rosso,Italian,1:27.024,1:26.319,
2012,17,11,vergne,25,VER,http://en.wikipedia.org/wiki/Jean-%C3%89ric_Vergne,Jean-Éric,Vergne,1990-04-25,French,toro_rosso,http://en.wikipedia.org/wiki/Scuderia_Toro_Rosso,Toro Rosso,Italian,1:26.493,1:26.429,
2012,5,12,alonso,14,ALO,http://en.wikipedia.org/wiki/Fernando_Alonso,Fernando,Alonso,1981-07-29,Spanish,ferrari,http://en.wikipedia.org/wiki/Scuderia_Ferrari,Ferrari,Italian,1:26.688,1:26.494,
2012,14,13,kobayashi,10,KOB,http://en.wikipedia.org/wiki/Kamui_Kobayashi,Kamui,Kobayashi,1986-09-13,Japanese,sauber,http://en.wikipedia.org/wiki/Sauber,Sauber,Swiss,1:26.182,1:26.590,
2012,19,14,bruno_senna,,SEN,http://en.wikipedia.org/wiki/Bruno_Senna,Bruno,Senna,1983-10-15,Brazilian,williams,http://en.wikipedia.org/wiki/Williams_Grand_Prix_Engineering,Williams,British,1:27.004,1:26.663,
2012,11,15,resta,,DIR,http://en.wikipedia.org/wiki/Paul_di_Resta,Paul,di Resta,1986-04-16,British,force_india,http://en.wikipedia.org/wiki/Racing_Point_Force_India,Force India,Indian,1:27.469,1:27.086,
2012,6,16,massa,19,MAS,http://en.wikipedia.org/wiki/Felipe_Massa,Felipe,Massa,1981-04-25,Brazilian,ferrari,http://en.wikipedia.org/wiki/Scuderia_Ferrari,Ferrari,Italian,1:27.633,1:27.497,
2012,15,17,perez,11,PER,http://en.wikipedia.org/wiki/Sergio_P%C3%A9rez,Sergio,Pérez,1990-01-26,Mexican,sauber,http://en.wikipedia.org/wiki/Sauber,Sauber,Swiss,1:26.596,,
2012,9,18,raikkonen,7,RAI,http://en.wikipedia.org/wiki/Kimi_R%C3%A4ikk%C3%B6nen,Kimi,Räikkönen,1979-10-17,Finnish,lotus_f1,http://en.wikipedia.org/wiki/Lotus_F1,Lotus F1,British,1:27.758,,
2012,20,19,kovalainen,,KOV,http://en.wikipedia.org/wiki/Heikki_Kovalainen,Heikki,Kovalainen,1981-10-19,Finnish,caterham,http://en.wikipedia.org/wiki/Caterham_F1,Caterham,Malaysian,1:28.679,,
2012,21,20,petrov,,PET,http://en.wikipedia.org/wiki/Vitaly_Petrov,Vitaly,Petrov,1984-09-08,Russian,caterham,http://en.wikipedia.org/wiki/Caterham_F1,Caterham,Malaysian,1:29.018,,
2012,24,21,glock,,GLO,http://en.wikipedia.org/wiki/Timo_Glock,Timo,Glock,1982-03-18,German,marussia,http://en.wikipedia.org/wiki/Marussia_F1,Marussia,Russian,1:30.923,,
2012,25,22,pic,,PIC,http://en.wikipedia.org/wiki/Charles_Pic,Charles,Pic,1990-02-15,French,marussia,http://en.wikipedia.org/wiki/Marussia_F1,Marussia,Russian,1:31.670,,
2012,22,23,rosa,,DLR,http://en.wikipedia.org/wiki/Pedro_de_la_Rosa,Pedro,de la Rosa,1971-02-24,Spanish,hrt,http://en.wikipedia.org/wiki/Hispania_Racing,HRT,Spanish,1:33.495,,
2012,23,24,karthikeyan,,KAR,http://en.wikipedia.org/wiki/Narain_Karthikeyan,Narain,Karthikeyan,1977-01-14,Indian,hrt,http://en.wikipedia.org/wiki/Hispania_Racing,HRT,Spanish,1:33.643,,
2012,4,1,hamilton,44,HAM,http://en.wikipedia.org/wiki/Lewis_Hamilton,Lewis,Hamilton,1985-01-07,British,mclaren,http://en.wikipedia.org/wiki/McLaren,McLaren,British,1:37.813,1:37.106,1:36.219
2012,3,2,button,22,BUT,http://en.wikipedia.org/wiki/Jenson_Button,Jenson,Button,1980-01-19,British,mclaren,http://en.wikipedia.org/wiki/McLaren,McLaren,British,1:37.575,1:36.928,1:36.368
2012,7,3,michael_schumacher,,MSC,http://en.wikipedia.org/wiki/Michael_Schumacher,Michael,Schumacher,1969-01-03,German,mercedes,http://en.wikipedia.org/wiki/Mercedes-Benz_in_Formula_One,Mercedes,German,1:37.517,1:37.017,1:36.391
2012,2,4,webber,,WEB,http://en.wikipedia.org/wiki/Mark_Webber_(racing_driver),Mark,Webber,1976-08-27,Australian,red_bull,http://en.wikipedia.org/wiki/Red_Bull_Racing,Red Bull,Austrian,1:37.172,1:37.375,1:36.461
2012,9,5,raikkonen,7,RAI,http://en.wikipedia.org/wiki/Kimi_R%C3%A4ikk%C3%B6nen,Kimi,Räikkönen,1979-10-17,Finnish,lotus_f1,http://en.wikipedia.org/wiki/Lotus_F1,Lotus F1,British,1:37.961,1:36.715,1:36.461
2012,1,6,vettel,5,VET,http://en.wikipedia.org/wiki/Sebastian_Vettel,Sebastian,Vettel,1987-07-03,German,red_bull,http://en.wikipedia.org/wiki/Red_Bull_Racing,Red Bull,Austrian,1:38.102,1:37.419,1:36.634
2013,1,1,vettel,5,VET,http://en.wikipedia.org/wiki/Sebastian_Vettel,Sebastian,Vettel,1987-07-03,German,red_bull,http://en.wikipedia.org/wiki/Red_Bull_Racing,Red Bull,Austrian,1:44.657,1:36.745,1:27.407
2013,2,2,webber,,WEB,http://en.wikipedia.org/wiki/Mark_Webber_(racing_driver),Mark,Webber,1976-08-27,Australian,red_bull,http://en.wikipedia.org/wiki/Red_Bull_Racing,Red Bull,Austrian,1:44.472,1:36.524,1:27.827
2013,10,3,hamilton,44,HAM,http://en.wikipedia.org/wiki/Lewis_Hamilton,Lewis,Hamilton,1985-01-07,British,mercedes,http://en.wikipedia.org/wiki/Mercedes-Benz_in_Formula_One,Mercedes,German,1:45.456,1:36.625,1:28.087
2013,4,4,massa,19,MAS,http://en.wikipedia.org/wiki/Felipe_Massa,Felipe,Massa,1981-04-25,Brazilian,ferrari,http://en.wikipedia.org/wiki/Scuderia_Ferrari,Ferrari,Italian,1:44.635,1:36.666,1:28.490
2013,3,5,alonso,14,ALO,http://en.wikipedia.org/wiki/Fernando_Alonso,Fernando,Alonso,1981-07-29,Spanish,ferrari,http://en.wikipedia.org/wiki/Scuderia_Ferrari,Ferrari,Italian,1:43.850,1:36.691,1:28.493
2013,9,6,rosberg,6,ROS,http://en.wikipedia.org/wiki/Nico_Rosberg,Nico,Rosberg,1985-06-27,German,mercedes,http://en.wikipedia.org/wiki/Mercedes-Benz_in_Formula_One,Mercedes,German,1:43.380,1:36.194,1:28.523
2013,7,7,raikkonen,7,RAI,http://en.wikipedia.org/wiki/Kimi_R%C3%A4ikk%C3%B6nen,Kimi,Räikkönen,1979-10-17,Finnish,lotus_f1,http://en.wikipedia.org/wiki/Lotus_F1,Lotus F1,British,1:45.545,1:37.517,1:28.738
2013,8,8,grosjean,8,GRO,http://en.wikipedia.org/wiki/Romain_Grosjean,Romain,Grosjean,1986-04-17,French,lotus_f1,http://en.wikipedia.org/wiki/Lotus_F1,Lotus F1,British,1:44.284,1:37.641,1:29.013
2013,14,9,resta,,DIR,http://en.wikipedia.org/wiki/Paul_di_Resta,Paul,di Resta,1986-04-16,British,force_india,http://en.wikipedia.org/wiki/Racing_Point_Force_India,Force India,Indian,1:45.601,1:36.901,1:29.305
2013,5,10,button,22,BUT,http://en.wikipedia.org/wiki/Jenson_Button,Jenson,Button,1980-01-19,British,mclaren,http://en.wikipedia.org/wiki/McLaren,McLaren,British,1:44.688,1:36.644,1:30.357
2013,11,11,hulkenberg,27,HUL,http://en.wikipedia.org/wiki/Nico_H%C3%BClkenberg,Nico,Hülkenberg,1987-08-19,German,sauber,http://en.wikipedia.org/wiki/Sauber,Sauber,Swiss,1:45.930,1:38.067,
2013,15,12,sutil,99,SUT,http://en.wikipedia.org/wiki/Adrian_Sutil,Adrian,Sutil,1983-01-11,German,force_india,http://en.wikipedia.org/wiki/Racing_Point_Force_India,Force India,Indian,1:47.330,1:38.134,
2013,18,13,vergne,25,VER,http://en.wikipedia.org/wiki/Jean-%C3%89ric_Vergne,Jean-Éric,Vergne,1990-04-25,French,toro_rosso,http://en.wikipedia.org/wiki/Scuderia_Toro_Rosso,Toro Rosso,Italian,1:44.871,1:38.778,
2013,19,14,ricciardo,3,RIC,http://en.wikipedia.org/wiki/Daniel_Ricciardo,Daniel,Ricciardo,1989-07-01,Australian,toro_rosso,http://en.wikipedia.org/wiki/Scuderia_Toro_Rosso,Toro Rosso,Italian,1:46.450,1:39.042,
2013,6,15,perez,11,PER,http://en.wikipedia.org/wiki/Sergio_P%C3%A9rez,Sergio,Pérez,1990-01-26,Mexican,mclaren,http://en.wikipedia.org/wiki/McLaren,McLaren,British,1:44.400,1:39.900,
2013,17,16,bottas,77,BOT,http://en.wikipedia.org/wiki/Valtteri_Bottas,Valtteri,Bottas,1989-08-28,Finnish,williams,http://en.wikipedia.org/wiki/Williams_Grand_Prix_Engineering,Williams,British,1:47.328,1:40.290,
2013,16,17,maldonado,13,MAL,http://en.wikipedia.org/wiki/Pastor_Maldonado,Pastor,Maldonado,1985-03-09,Venezuelan,williams,http://en.wikipedia.org/wiki/Williams_Grand_Prix_Engineering,Williams,British,1:47.614,,
2013,12,18,gutierrez,21,GUT,http://en.wikipedia.org/wiki/Esteban_Guti%C3%A9rrez,Esteban,Gutiérrez,1991-08-05,Mexican,sauber,http://en.wikipedia.org/wiki/Sauber,Sauber,Swiss,1:47.776,,
2013,22,19,jules_bianchi,17,BIA,http://en.wikipedia.org/wiki/Jules_Bianchi,Jules,Bianchi,1989-08-03,French,marussia,http://en.wikipedia.org/wiki/Marussia_F1,Marussia,Russian,1:48.147,,
2013,23,20,chilton,4,CHI,http://en.wikipedia.org/wiki/Max_Chilton,Max,Chilton,1991-04-21,British,marussia,http://en.wikipedia.org/wiki/Marussia_F1,Marussia,Russian,1:48.909,,
2013,21,21,garde,,VDG,http://en.wikipedia.org/wiki/Giedo_van_der_Garde,Giedo,van der Garde,1985-04-25,Dutch,caterham,http://en.wikipedia.org/wiki/Caterham_F1,Caterham,Malaysian,1:49.519,,
2013,20,22,pic,,PIC,http://en.wikipedia.org/wiki/Charles_Pic,Charles,Pic,1990-02-15,French,caterham,http://en.wikipedia.org/wiki/Caterham_F1,Caterham,Malaysian,1:50.626,,
2013,1,1,vettel,5,VET,http://en.wikipedia.org/wiki/Sebastian_Vettel,Sebastian,Vettel,1987-07-03,German,red_bull,http://en.wikipedia.org/wiki/Red_Bull_Racing,Red Bull,Austrian,1:37.899,1:37.245,1:49.674
2013,4,2,massa,19,MAS,http://en.wikipedia.org/wiki/Felipe_Massa,Felipe,Massa,1981-04-25,Brazilian,ferrari,http://en.wikipedia.org/wiki/Scuderia_Ferrari,Ferrari,Italian,1:37.712,1:36.874,1:50.587
2013,3,3,alonso,14,ALO,http://en.wikipedia.org/wiki/Fernando_Alonso,Fernando,Alonso,1981-07-29,Spanish,ferrari,http://en.wikipedia.org/wiki/Scuderia_Ferrari,Ferrari,Italian,1:37.314,1:36.877,1:50.727
2013,10,4,hamilton,44,HAM,http://en.wikipedia.org/wiki/Lewis_Hamilton,Lewis,Hamilton,1985-01-07,British,mercedes,http://en.wikipedia.org/wiki/Mercedes-Benz_in_Formula_One,Mercedes,German,1:37.513,1:36.517,1:51.699
2013,2,5,webber,,WEB,http://en.wikipedia.org/wiki/Mark_Webber_(racing_driver),Mark,Webber,1976-08-27,Australian,red_bull,http://en.wikipedia.org/wiki/Red_Bull_Racing,Red Bull,Austrian,1:37.619,1:36.449,1:52.244
2013,9,6,rosberg,6,ROS,http://en.wikipedia.org/wiki/Nico_Rosberg,Nico,Rosberg,1985-06-27,German,mercedes,http://en.wikipedia.org/wiki/Mercedes-Benz_in_Formula_One,Mercedes,German,1:37.239,1:36.190,1:52.519
2013,7,7,raikkonen,7,RAI,http://en.wikipedia.org/wiki/Kimi_R%C3%A4ikk%C3%B6nen,Kimi,Räikkönen,1979-10-17,Finnish,lotus_f1,http://en.wikipedia.org/wiki/Lotus_F1,Lotus F1,British,1:36.959,1:36.640,1:52.970
2013,5,8,button,22,BUT,http://en.wikipedia.org/wiki/Jenson_Button,Jenson,Button,1980-01-19,British,mclaren,http://en.wikipedia.org/wiki/McLaren,McLaren,British,1:37.487,1:37.117,1:53.175
2014,44,1,hamilton,44,HAM,http://en.wikipedia.org/wiki/Lewis_Hamilton,Lewis,Hamilton,1985-01-07,British,mercedes,http://en.wikipedia.org/wiki/Mercedes-Benz_in_Formula_One,Mercedes,German,1:31.699,1:42.890,1:44.231
2014,3,2,ricciardo,3,RIC,http://en.wikipedia.org/wiki/Daniel_Ricciardo,Daniel,Ricciardo,1989-07-01,Australian,red_bull,http://en.wikipedia.org/wiki/Red_Bull_Racing,Red Bull,Austrian,1:30.775,1:42.295,1:44.548
2014,6,3,rosberg,6,ROS,http://en.wikipedia.org/wiki/Nico_Rosberg,Nico,Rosberg,1985-06-27,German,mercedes,http://en.wikipedia.org/wiki/Mercedes-Benz_in_Formula_One,Mercedes,German,1:32.564,1:42.264,1:44.595
2014,20,4,kevin_magnussen,20,MAG,http://en.wikipedia.org/wiki/Kevin_Magnussen,Kevin,Magnussen,1992-10-05,Danish,mclaren,http://en.wikipedia.org/wiki/McLaren,McLaren,British,1:30.949,1:43.247,1:45.745
2014,14,5,alonso,14,ALO,http://en.wikipedia.org/wiki/Fernando_Alonso,Fernando,Alonso,1981-07-29,Spanish,ferrari,http://en.wikipedia.org/wiki/Scuderia_Ferrari,Ferrari,Italian,1:31.388,1:42.805,1:45.819
2014,25,6,vergne,25,VER,http://en.wikipedia.org/wiki/Jean-%C3%89ric_Vergne,Jean-Éric,Vergne,1990-04-25,French,toro_rosso,http://en.wikipedia.org/wiki/Scuderia_Toro_Rosso,Toro Rosso,Italian,1:33.488,1:43.849,1:45.864
2014,27,7,hulkenberg,27,HUL,http://en.wikipedia.org/wiki/Nico_H%C3%BClkenberg,Nico,Hülkenberg,1987-08-19,German,force_india,http://en.wikipedia.org/wiki/Racing_Point_Force_India,Force India,Indian,1:33.893,1:43.658,1:46.030
2014,26,8,kvyat,26,KVY,http://en.wikipedia.org/wiki/Daniil_Kvyat,Daniil,Kvyat,1994-04-26,Russian,toro_rosso,http://en.wikipedia.org/wiki/Scuderia_Toro_Rosso,Toro Rosso,Italian,1:33.777,1:44.331,1:47.368
2014,19,9,massa,19,MAS,http://en.wikipedia.org/wiki/Felipe_Massa,Felipe,Massa,1981-04-25,Brazilian,williams,http://en.wikipedia.org/wiki/Williams_Grand_Prix_Engineering,Williams,British,1:31.228,1:44.242,1:48.079
2014,77,10,bottas,77,BOT,http://en.wikipedia.org/wiki/Valtteri_Bottas,Valtteri,Bottas,1989-08-28,Finnish,williams,http://en.wikipedia.org/wiki/Williams_Grand_Prix_Engineering,Williams,British,1:31.601,1:43.852,1:48.147
2014,22,11,button,22,BUT,http://en.wikipedia.org/wiki/Jenson_Button,Jenson,Button,1980-01-19,British,mclaren,http://en.wikipedia.org/wiki/McLaren,McLaren,British,1:31.396,1:44.437,
2014,7,12,raikkonen,7,RAI,http://en.wikipedia.org/wiki/Kimi_R%C3%A4ikk%C3%B6nen,Kimi,Räikkönen,1979-10-17,Finnish,ferrari,http://en.wikipedia.org/wiki/Scuderia_Ferrari,Ferrari,Italian,1:32.439,1:44.494,
2014,1,13,vettel,5,VET,http://en.wikipedia.org/wiki/Sebastian_Vettel,Sebastian,Vettel,1987-07-03,German,red_bull,http://en.wikipedia.org/wiki/Red_Bull_Racing,Red Bull,Austrian,1:31.931,1:44.688,
2014,99,14,sutil,99,SUT,http://en.wikipedia.org/wiki/Adrian_Sutil,Adrian,Sutil,1983-01-11,German,sauber,http://en.wikipedia.org/wiki/Sauber,Sauber,Swiss,1:33.673,1:45.655,
2014,10,15,kobayashi,10,KOB,http://en.wikipedia.org/wiki/Kamui_Kobayashi,Kamui,Kobayashi,1986-09-13,Japanese,caterham,http://en.wikipedia.org/wiki/Caterham_F1,Caterham,Malaysian,1:34.274,1:45.867,
2014,11,16,perez,11,PER,http://en.wikipedia.org/wiki/Sergio_P%C3%A9rez,Sergio,Pérez,1990-01-26,Mexican,force_india,http://en.wikipedia.org/wiki/Racing_Point_Force_India,Force India,Indian,1:34.141,1:47.293,
2014,4,17,chilton,4,CHI,http://en.wikipedia.org/wiki/Max_Chilton,Max,Chilton,1991-04-21,British,marussia,http://en.wikipedia.org/wiki/Marussia_F1,Marussia,Russian,1:34.293,,
2014,17,18,jules_bianchi,17,BIA,http://en.wikipedia.org/wiki/Jules_Bianchi,Jules,Bianchi,1989-08-03,French,marussia,http://en.wikipedia.org/wiki/Marussia_F1,Marussia,Russian,1:34.794,,
2014,21,19,gutierrez,21,GUT,http://en.wikipedia.org/wiki/Esteban_Guti%C3%A9rrez,Esteban,Gutiérrez,1991-08-05,Mexican,sauber,http://en.wikipedia.org/wiki/Sauber,Sauber,Swiss,1:35.117,,
2014,9,20,ericsson,9,ERI,http://en.wikipedia.org/wiki/Marcus_Ericsson,Marcus,Ericsson,1990-09-02,Swedish,caterham,http://en.wikipedia.org/wiki/Caterham_F1,Caterham,Malaysian,1:35.157,,
2014,8,21,grosjean,8,GRO,http://en.wikipedia.org/wiki/Romain_Grosjean,Romain,Grosjean,1986-04-17,French,lotus_f1,http://en.wikipedia.org/wiki/Lotus_F1,Lotus F1,British,1:36.993,,
2014,13,22,maldonado,13,MAL,http://en.wikipedia.org/wiki/Pastor_Maldonado,Pastor,Maldonado,1985-03-09,Venezuelan,lotus_f1,http://en.wikipedia.org/wiki/Lotus_F1,Lotus F1,British,,,
2014,44,1,hamilton,44,HAM,http://en.wikipedia.org/wiki/Lewis_Hamilton,Lewis,Hamilton,1985-01-07,British,mercedes,http://en.wikipedia.org/wiki/Mercedes-Benz_in_Formula_One,Mercedes,German,1:57.202,1:59.041,1:59.431
2014,1,2,vettel,5,VET,http://en.wikipedia.org/wiki/Sebastian_Vettel,Sebastian,Vettel,1987-07-03,German,red_bull,http://en.wikipedia.org/wiki/Red_Bull_Racing,Red Bull,Austrian,1:57.654,1:59.399,1:59.486
2014,6,3,rosberg,6,ROS,http://en.wikipedia.org/wiki/Nico_Rosberg,Nico,Rosberg,1985-06-27,German,mercedes,http://en.wikipedia.org/wiki/Mercedes-Benz_in_Formula_One,Mercedes,German,1:57.183,1:59.445,2:00.050
2014,14,4,alonso,14,ALO,http://en.wikipedia.org/wiki/Fernando_Alonso,Fernando,Alonso,1981-07-29,Spanish,ferrari,http://en.wikipedia.org/wiki/Scuderia_Ferrari,Ferrari,Italian,1:58.889,2:01.356,2:00.175
2014,3,5,ricciardo,3,RIC,http://en.wikipedia.org/wiki/Daniel_Ricciardo,Daniel,Ricciardo,1989-07-01,Australian,red_bull,http://en.wikipedia.org/wiki/Red_Bull_Racing,Red Bull,Austrian,1:58.913,2:00.147,2:00.541
2014,7,6,raikkonen,7,RAI,http://en.wikipedia.org/wiki/Kimi_R%C3%A4ikk%C3%B6nen,Kimi,Räikkönen,1979-10-17,Finnish,ferrari,http://en.wikipedia.org/wiki/Scuderia_Ferrari,Ferrari,Italian,1:59.257,2:01.532,2:01.218
2014,27,7,hulkenberg,27,HUL,http://en.wikipedia.org/wiki/Nico_H%C3%BClkenberg,Nico,Hülkenberg,1987-08-19,German,force_india,http://en.wikipedia.org/wiki/Racing_Point_Force_India,Force India,Indian,1:58.883,2:00.839,2:01.712
2014,20,8,kevin_magnussen,20,MAG,http://en.wikipedia.org/wiki/Kevin_Magnussen,Kevin,Magnussen,1992-10-05,Danish,mclaren,http://en.wikipedia.org/wiki/McLaren,McLaren,British,2:00.356,2:02.094,2:02.213
2015,44,1,hamilton,44,HAM,http://en.wikipedia.org/wiki/Lewis_Hamilton,Lewis,Hamilton,1985-01-07,British,mercedes,http://en.wikipedia.org/wiki/Mercedes-Benz_in_Formula_One,Mercedes,German,1:28.586,1:26.894,1:26.327
2015,6,2,rosberg,6,ROS,http://en.wikipedia.org/wiki/Nico_Rosberg,Nico,Rosberg,1985-06-27,German,mercedes,http://en.wikipedia.org/wiki/Mercedes-Benz_in_Formula_One,Mercedes,German,1:28.906,1:27.097,1:26.921
2015,19,3,massa,19,MAS,http://en.wikipedia.org/wiki/Felipe_Massa,Felipe,Massa,1981-04-25,Brazilian,williams,http://en.wikipedia.org/wiki/Williams_Grand_Prix_Engineering,Williams,British,1:29.246,1:27.895,1:27.718
2015,5,4,vettel,5,VET,http://en.wikipedia.org/wiki/Sebastian_Vettel,Sebastian,Vettel,1987-07-03,German,ferrari,http://en.wikipedia.org/wiki/Scuderia_Ferrari,Ferrari,Italian,1:29.307,1:27.742,1:27.757
2015,7,5,raikkonen,7,RAI,http://en.wikipedia.org/wiki/Kimi_R%C3%A4ikk%C3%B6nen,Kimi,Räikkönen,1979-10-17,Finnish,ferrari,http://en.wikipedia.org/wiki/Scuderia_Ferrari,Ferrari,Italian,1:29.754,1:27.807,1:27.790
2015,77,6,bottas,77,BOT,http://en.wikipedia.org/wiki/Valtteri_Bottas,Valtteri,Bottas,1989-08-28,Finnish,williams,http://en.wikipedia.org/wiki/Williams_Grand_Prix_Engineering,Williams,British,1:29.641,1:27.796,1:28.087
2015,3,7,ricciardo,3,RIC,http://en.wikipedia.org/wiki/Daniel_Ricciardo,Daniel,Ricciardo,1989-07-01,Australian,red_bull,http://en.wikipedia.org/wiki/Red_Bull_Racing,Red Bull,Austrian,1:29.788,1:28.679,1:28.329
2015,55,8,sainz,55,SAI,http://en.wikipedia.org/wiki/Carlos_Sainz_Jr.,Carlos,Sainz,1994-09-01,Spanish,toro_rosso,http://en.wikipedia.org/wiki/Scuderia_Toro_Rosso,Toro Rosso,Italian,1:29.597,1:28.601,1:28.510
2015,8,9,grosjean,8,GRO,http://en.wikipedia.org/wiki/Romain_Grosjean,Romain,Grosjean,1986-04-17,French,lotus_f1,http://en.wikipedia.org/wiki/Lotus_F1,Lotus F1,British,1:29.537,1:28.589,1:28.560
2015,13,10,maldonado,13,MAL,http://en.wikipedia.org/wiki/Pastor_Maldonado,Pastor,Maldonado,1985-03-09,Venezuelan,lotus_f1,http://en.wikipedia.org/wiki/Lotus_F1,Lotus F1,British,1:29.847,1:28.726,1:29.480
2015,12,11,nasr,12,NAS,http://en.wikipedia.org/wiki/Felipe_Nasr,Felipe,Nasr,1992-08-21,Brazilian,sauber,http://en.wikipedia.org/wiki/Sauber,Sauber,Swiss,1:30.430,1:28.800,
2015,33,12,max_verstappen,33,VER,http://en.wikipedia.org/wiki/Max_Verstappen,Max,Verstappen,1997-09-30,Dutch,toro_rosso,http://en.wikipedia.org/wiki/Scuderia_Toro_Rosso,Toro Rosso,Italian,1:29.248,1:28.868,
2015,26,13,kvyat,26,KVY,http://en.wikipedia.org/wiki/Daniil_Kvyat,Daniil,Kvyat,1994-04-26,Russian,red_bull,http://en.wikipedia.org/wiki/Red_Bull_Racing,Red Bull,Austrian,1:30.402,1:29.070,
2015,27,14,hulkenberg,27,HUL,http://en.wikipedia.org/wiki/Nico_H%C3%BClkenberg,Nico,Hülkenberg,1987-08-19,German,force_india,http://en.wikipedia.org/wiki/Racing_Point_Force_India,Force India,Indian,1:29.651,1:29.208,
2015,11,15,perez,11,PER,http://en.wikipedia.org/wiki/Sergio_P%C3%A9rez,Sergio,Pérez,1990-01-26,Mexican,force_india,http://en.wikipedia.org/wiki/Racing_Point_Force_India,Force India,Indian,1:29.990,1:29.209,
2015,9,16,ericsson,9,ERI,http://en.wikipedia.org/wiki/Marcus_Ericsson,Marcus,Ericsson,1990-09-02,Swedish,sauber,http://en.wikipedia.org/wiki/Sauber,Sauber,Swiss,1:31.376,,
2015,22,17,button,22,BUT,http://en.wikipedia.org/wiki/Jenson_Button,Jenson,Button,1980-01-19,British,mclaren,http://en.wikipedia.org/wiki/McLaren,McLaren,British,1:31.422,,
2015,20,18,kevin_magnussen,20,MAG,http://en.wikipedia.org/wiki/Kevin_Magnussen,Kevin,Magnussen,1992-10-05,Danish,mclaren,http://en.wikipedia.org/wiki/McLaren,McLaren,British,1:32.037,,
2015,44,1,hamilton,44,HAM,http://en.wikipedia.org/wiki/Lewis_Hamilton,Lewis,Hamilton,1985-01-07,British,mercedes,http://en.wikipedia.org/wiki/Mercedes-Benz_in_Formula_One,Mercedes,German,1:39.269,1:41.517,1:49.834
2015,5,2,vettel,5,VET,http://en.wikipedia.org/wiki/Sebastian_Vettel,Sebastian,Vettel,1987-07-03,German,ferrari,http://en.wikipedia.org/wiki/Scuderia_Ferrari,Ferrari,Italian,1:39.814,1:39.632,1:49.908
2015,6,3,rosberg,6,ROS,http://en.wikipedia.org/wiki/Nico_Rosberg,Nico,Rosberg,1985-06-27,German,mercedes,http://en.wikipedia.org/wiki/Mercedes-Benz_in_Formula_One,Mercedes,German,1:39.374,1:39.377,1:50.299
2015,3,4,ricciardo,3,RIC,http://en.wikipedia.org/wiki/Daniel_Ricciardo,Daniel,Ricciardo,1989-07-01,Australian,red_bull,http://en.wikipedia.org/wiki/Red_Bull_Racing,Red Bull,Austrian,1:40.504,1:41.085,1:51.541
2015,26,5,kvyat,26,KVY,http://en.wikipedia.org/wiki/Daniil_Kvyat,Daniil,Kvyat,1994-04-26,Russian,red_bull,http://en.wikipedia.org/wiki/Red_Bull_Racing,Red Bull,Austrian,1:40.546,1:41.665,1:51.951
2015,33,6,max_verstappen,33,VER,http://en.wikipedia.org/wiki/Max_Verstappen,Max,Verstappen,1997-09-30,Dutch,toro_rosso,http://en.wikipedia.org/wiki/Scuderia_Toro_Rosso,Toro Rosso,Italian,1:40.793,1:41.430,1:51.981
2015,19,7,massa,19,MAS,http://en.wikipedia.org/wiki/Felipe_Massa,Felipe,Massa,1981-04-25,Brazilian,williams,http://en.wikipedia.org/wiki/Williams_Grand_Prix_Engineering,Williams,British,1:40.543,1:41.230,1:52.473
2015,8,8,grosjean,8,GRO,http://en.wikipedia.org/wiki/Romain_Grosjean,Romain,Grosjean,1986-04-17,French,lotus_f1,http://en.wikipedia.org/wiki/Lotus_F1,Lotus F1,British,1:40.303,1:41.209,1:52.981
2015,77,9,bottas,77,BOT,http://en.wikipedia.org/wiki/Valtteri_Bottas,Valtteri,Bottas,1989-08-28,Finnish,williams,http://en.wikipedia.org/wiki/Williams_Grand_Prix_Engineering,Williams,British,1:40.249,1:40.650,1:53.179
2015,9,10,ericsson,9,ERI,http://en.wikipedia.org/wiki/Marcus_Ericsson,Marcus,Ericsson,1990-09-02,Swedish,sauber,http://en.wikipedia.org/wiki/Sauber,Sauber,Swiss,1:40.340,1:41.748,1:53.261
2015,7,11,raikkonen,7,RAI,http://en.wikipedia.org/wiki/Kimi_R%C3%A4ikk%C3%B6nen,Kimi,Räikkönen,1979-10-17,Finnish,ferrari,http://en.wikipedia.org/wiki/Scuderia_Ferrari,Ferrari,Italian,1:40.415,1:42.173,
2015,13,12,maldonado,13,MAL,http://en.wikipedia.org/wiki/Pastor_Maldonado,Pastor,Maldonado,1985-03-09,Venezuelan,lotus_f1,http://en.wikipedia.org/wiki/Lotus_F1,Lotus F1,British,1:40.361,1:42.198,
2016,44,1,hamilton,44,HAM,http://en.wikipedia.org/wiki/Lewis_Hamilton,Lewis,Hamilton,1985-01-07,British,mercedes,http://en.wikipedia.org/wiki/Mercedes-Benz_in_Formula_One,Mercedes,German,1:25.351,1:24.605,1:23.837
2016,6,2,rosberg,6,ROS,http://en.wikipedia.org/wiki/Nico_Rosberg,Nico,Rosberg,1985-06-27,German,mercedes,http://en.wikipedia.org/wiki/Mercedes-Benz_in_Formula_One,Mercedes,German,1:26.934,1:24.796,1:24.197
2016,5,3,vettel,5,VET,http://en.wikipedia.org/wiki/Sebastian_Vettel,Sebastian,Vettel,1987-07-03,German,ferrari,http://en.wikipedia.org/wiki/Scuderia_Ferrari,Ferrari,Italian,1:26.945,1:25.257,1:24.675
2016,7,4,raikkonen,7,RAI,http://en.wikipedia.org/wiki/Kimi_R%C3%A4ikk%C3%B6nen,Kimi,Räikkönen,1979-10-17,Finnish,ferrari,http://en.wikipedia.org/wiki/Scuderia_Ferrari,Ferrari,Italian,1:26.579,1:25.615,1:25.033
2016,33,5,max_verstappen,33,VER,http://en.wikipedia.org/wiki/Max_Verstappen,Max,Verstappen,1997-09-30,Dutch,toro_rosso,http://en.wikipedia.org/wiki/Scuderia_Toro_Rosso,Toro Rosso,Italian,1:26.934,1:25.615,1:25.434
2016,19,6,massa,19,MAS,http://en.wikipedia.org/wiki/Felipe_Massa,Felipe,Massa,1981-04-25,Brazilian,williams,http://en.wikipedia.org/wiki/Williams_Grand_Prix_Engineering,Williams,British,1:25.918,1:25.644,1:25.458
2016,55,7,sainz,55,SAI,http://en.wikipedia.org/wiki/Carlos_Sainz_Jr.,Carlos,Sainz,1994-09-01,Spanish,toro_rosso,http://en.wikipedia.org/wiki/Scuderia_Toro_Rosso,Toro Rosso,Italian,1:27.057,1:25.384,1:25.582
2016,3,8,ricciardo,3,RIC,http://en.wikipedia.org/wiki/Daniel_Ricciardo,Daniel,Ricciardo,1989-07-01,Australian,red_bull,http://en.wikipedia.org/wiki/Red_Bull_Racing,Red Bull,Austrian,1:26.945,1:25.599,1:25.589
2016,11,9,perez,11,PER,http://en.wikipedia.org/wiki/Sergio_P%C3%A9rez,Sergio,Pérez,1990-01-26,Mexican,force_india,http://en.wikipedia.org/wiki/Racing_Point_Force_India,Force India,Indian,1:26.607,1:25.753,
2016,27,10,hulkenberg,27,HUL,http://en.wikipedia.org/wiki/Nico_H%C3%BClkenberg,Nico,Hülkenberg,1987-08-19,German,force_india,http://en.wikipedia.org/wiki/Racing_Point_Force_India,Force India,Indian,1:26.550,1:25.865,
2016,77,11,bottas,77,BOT,http://en.wikipedia.org/wiki/Valtteri_Bottas,Valtteri,Bottas,1989-08-28,Finnish,williams,http://en.wikipedia.org/wiki/Williams_Grand_Prix_Engineering,Williams,British,1:27.135,1:25.961,
2016,14,12,alonso,14,ALO,http://en.wikipedia.org/wiki/Fernando_Alonso,Fernando,Alonso,1981-07-29,Spanish,mclaren,http://en.wikipedia.org/wiki/McLaren,McLaren,British,1:26.537,1:26.125,
2016,22,13,button,22,BUT,http://en.wikipedia.org/wiki/Jenson_Button,Jenson,Button,1980-01-19,British,mclaren,http://en.wikipedia.org/wiki/McLaren,McLaren,British,1:26.740,1:26.304,
2016,30,14,jolyon_palmer,30,PAL,http://en.wikipedia.org/wiki/Jolyon_Palmer,Jolyon,Palmer,1991-01-20,British,renault,http://en.wikipedia.org/wiki/Renault_in_Formula_One,Renault,French,1:27.241,1:27.601,
2016,20,15,kevin_magnussen,20,MAG,http://en.wikipedia.org/wiki/Kevin_Magnussen,Kevin,Magnussen,1992-10-05,Danish,renault,http://en.wikipedia.org/wiki/Renault_in_Formula_One,Renault,French,1:27.297,1:27.742,
2016,9,16,ericsson,9,ERI,http://en.wikipedia.org/wiki/Marcus_Ericsson,Marcus,Ericsson,1990-09-02,Swedish,sauber,http://en.wikipedia.org/wiki/Sauber,Sauber,Swiss,1:27.435,,
2016,12,17,nasr,12,NAS,http://en.wikipedia.org/wiki/Felipe_Nasr,Felipe,Nasr,1992-08-21,Brazilian,sauber,http://en.wikipedia.org/wiki/Sauber,Sauber,Swiss,1:27.958,,
2016,26,18,kvyat,26,KVY,http://en.wikipedia.org/wiki/Daniil_Kvyat,Daniil,Kvyat,1994-04-26,Russian,red_bull,http://en.wikipedia.org/wiki/Red_Bull_Racing,Red Bull,Austrian,1:28.006,,
2016,8,19,grosjean,8,GRO,http://en.wikipedia.org/wiki/Romain_Grosjean,Romain,Grosjean,1986-04-17,French,haas,http://en.wikipedia.org/wiki/Haas_F1_Team,Haas F1 Team,American,1:28.322,,
2016,21,20,gutierrez,21,GUT,http://en.wikipedia.org/wiki/Esteban_Guti%C3%A9rrez,Esteban,Gutiérrez,1991-08-05,Mexican,haas,http://en.wikipedia.org/wiki/Haas_F1_Team,Haas F1 Team,American,1:29.606,,
2016,88,21,haryanto,88,HAR,http://en.wikipedia.org/wiki/Rio_Haryanto,Rio,Haryanto,1993-01-22,Indonesian,manor,http://en.wikipedia.org/wiki/Manor_Motorsport,Manor Marussia,British,1:29.627,,
2016,94,22,wehrlein,94,WEH,http://en.wikipedia.org/wiki/Pascal_Wehrlein,Pascal,Wehrlein,1994-10-18,German,manor,http://en.wikipedia.org/wiki/Manor_Motorsport,Manor Marussia,British,1:29.642,,
2016,44,1,hamilton,44,HAM,http://en.wikipedia.org/wiki/Lewis_Hamilton,Lewis,Hamilton,1985-01-07,British,mercedes,http://en.wikipedia.org/wiki/Mercedes-Benz_in_Formula_One,Mercedes,German,1:31.391,1:30.039,1:29.493
2016,6,2,rosberg,6,ROS,http://en.wikipedia.org/wiki/Nico_Rosberg,Nico,Rosberg,1985-06-27,German,mercedes,http://en.wikipedia.org/wiki/Mercedes-Benz_in_Formula_One,Mercedes,German,1:31.325,1:30.535,1:29.570
2016,5,3,vettel,5,VET,http://en.wikipedia.org/wiki/Sebastian_Vettel,Sebastian,Vettel,1987-07-03,German,ferrari,http://en.wikipedia.org/wiki/Scuderia_Ferrari,Ferrari,Italian,1:31.636,1:30.409,1:30.012
2016,7,4,raikkonen,7,RAI,http://en.wikipedia.org/wiki/Kimi_R%C3%A4ikk%C3%B6nen,Kimi,Räikkönen,1979-10-17,Finnish,ferrari,http://en.wikipedia.org/wiki/Scuderia_Ferrari,Ferrari,Italian,1:31.685,1:30.559,1:30.244
2016,3,5,ricciardo,3,RIC,http://en.wikipedia.org/wiki/Daniel_Ricciardo,Daniel,Ricciardo,1989-07-01,Australian,red_bull,http://en.wikipedia.org/wiki/Red_Bull_Racing,Red Bull,Austrian,1:31.403,1:31.122,1:30.854
2016,77,6,bottas,77,BOT,http://en.wikipedia.org/wiki/Valtteri_Bottas,Valtteri,Bottas,1989-08-28,Finnish,williams,http://en.wikipedia.org/wiki/Williams_Grand_Prix_Engineering,Williams,British,1:31.672,1:30.931,1:31.153
2016,19,7,massa,19,MAS,http://en.wikipedia.org/wiki/Felipe_Massa,Felipe,Massa,1981-04-25,Brazilian,williams,http://en.wikipedia.org/wiki/Williams_Grand_Prix_Engineering,Williams,British,1:32.045,1:31.374,1:31.155
2016,27,8,hulkenberg,27,HUL,http://en.wikipedia.org/wiki/Nico_H%C3%BClkenberg,Nico,Hülkenberg,1987-08-19,German,force_india,http://en.wikipedia.org/wiki/Racing_Point_Force_India,Force India,Indian,1:31.987,1:31.604,1:31.620
2017,44,1,hamilton,44,HAM,http://en.wikipedia.org/wiki/Lewis_Hamilton,Lewis,Hamilton,1985-01-07,British,mercedes,http://en.wikipedia.org/wiki/Mercedes-Benz_in_Formula_One,Mercedes,German,1:24.191,1:23.251,1:22.188
2017,5,2,vettel,5,VET,http://en.wikipedia.org/wiki/Sebastian_Vettel,Sebastian,Vettel,1987-07-03,German,ferrari,http://en.wikipedia.org/wiki/Scuderia_Ferrari,Ferrari,Italian,1:25.210,1:23.401,1:22.456
2017,77,3,bottas,77,BOT,http://en.wikipedia.org/wiki/Valtteri_Bottas,Valtteri,Bottas,1989-08-28,Finnish,mercedes,http://en.wikipedia.org/wiki/Mercedes-Benz_in_Formula_One,Mercedes,German,1:24.514,1:23.215,1:22.481
2017,7,4,raikkonen,7,RAI,http://en.wikipedia.org/wiki/Kimi_R%C3%A4ikk%C3%B6nen,Kimi,Räikkönen,1979-10-17,Finnish,ferrari,http://en.wikipedia.org/wiki/Scuderia_Ferrari,Ferrari,Italian,1:24.352,1:23.376,1:23.033
2017,33,5,max_verstappen,33,VER,http://en.wikipedia.org/wiki/Max_Verstappen,Max,Verstappen,1997-09-30,Dutch,red_bull,http://en.wikipedia.org/wiki/Red_Bull_Racing,Red Bull,Austrian,1:24.482,1:24.092,1:23.485
2017,8,6,grosjean,8,GRO,http://en.wikipedia.org/wiki/Romain_Grosjean,Romain,Grosjean,1986-04-17,French,haas,http://en.wikipedia.org/wiki/Haas_F1_Team,Haas F1 Team,American,1:25.419,1:24.718,1:24.074
2017,19,7,massa,19,MAS,http://en.wikipedia.org/wiki/Felipe_Massa,Felipe,Massa,1981-04-25,Brazilian,williams,http://en.wikipedia.org/wiki/Williams_Grand_Prix_Engineering,Williams,British,1:25.099,1:24.597,1:24.443
2017,55,8,sainz,55,SAI,http://en.wikipedia.org/wiki/Carlos_Sainz_Jr.,Carlos,Sainz,1994-09-01,Spanish,toro_rosso,http://en.wikipedia.org/wiki/Scuderia_Toro_Rosso,Toro Rosso,Italian,1:25.542,1:24.997,1:24.487
2017,26,9,kvyat,26,KVY,http://en.wikipedia.org/wiki/Daniil_Kvyat,Daniil,Kvyat,1994-04-26,Russian,toro_rosso,http://en.wikipedia.org/wiki/Scuderia_Toro_Rosso,Toro Rosso,Italian,1:25.970,1:24.864,1:24.512
2017,3,10,ricciardo,3,RIC,http://en.wikipedia.org/wiki/Daniel_Ricciardo,Daniel,Ricciardo,1989-07-01,Australian,red_bull,http://en.wikipedia.org/wiki/Red_Bull_Racing,Red Bull,Austrian,1:25.383,1:23.989,
2017,11,11,perez,11,PER,http://en.wikipedia.org/wiki/Sergio_P%C3%A9rez,Sergio,Pérez,1990-01-26,Mexican,force_india,http://en.wikipedia.org/wiki/Racing_Point_Force_India,Force India,Indian,1:25.064,1:25.081,
2017,27,12,hulkenberg,27,HUL,http://en.wikipedia.org/wiki/Nico_H%C3%BClkenberg,Nico,Hülkenberg,1987-08-19,German,renault,http://en.wikipedia.org/wiki/Renault_in_Formula_One,Renault,French,1:24.975,1:25.091,
2017,14,13,alonso,14,ALO,http://en.wikipedia.org/wiki/Fernando_Alonso,Fernando,Alonso,1981-07-29,Spanish,mclaren,http://en.wikipedia.org/wiki/McLaren,McLaren,British,1:25.872,1:25.425,
2017,31,14,ocon,31,OCO,http://en.wikipedia.org/wiki/Esteban_Ocon,Esteban,Ocon,1996-09-17,French,force_india,http://en.wikipedia.org/wiki/Racing_Point_Force_India,Force India,Indian,1:26.009,1:25.568,
2017,9,15,ericsson,9,ERI,http://en.wikipedia.org/wiki/Marcus_Ericsson,Marcus,Ericsson,1990-09-02,Swedish,sauber,http://en.wikipedia.org/wiki/Sauber,Sauber,Swiss,1:26.236,1:26.465,
2017,36,16,giovinazzi,99,GIO,http://en.wikipedia.org/wiki/Antonio_Giovinazzi,Antonio,Giovinazzi,1993-12-14,Italian,sauber,http://en.wikipedia.org/wiki/Sauber,Sauber,Swiss,1:26.419,,
2017,20,17,kevin_magnussen,20,MAG,http://en.wikipedia.org/wiki/Kevin_Magnussen,Kevin,Magnussen,1992-10-05,Danish,haas,http://en.wikipedia.org/wiki/Haas_F1_Team,Haas F1 Team,American,1:26.847,,
2017,2,18,vandoorne,2,VAN,http://en.wikipedia.org/wiki/Stoffel_Vandoorne,Stoffel,Vandoorne,1992-03-26,Belgian,mclaren,http://en.wikipedia.org/wiki/McLaren,McLaren,British,1:26.858,,
2017,18,19,stroll,18,STR,http://en.wikipedia.org/wiki/Lance_Stroll,Lance,Stroll,1998-10-29,Canadian,williams,http://en.wikipedia.org/wiki/Williams_Grand_Prix_Engineering,Williams,British,1:27.143,,
2017,30,20,jolyon_palmer,30,PAL,http://en.wikipedia.org/wiki/Jolyon_Palmer,Jolyon,Palmer,1991-01-20,British,renault,http://en.wikipedia.org/wiki/Renault_in_Formula_One,Renault,French,1:28.244,,
2017,44,1,hamilton,44,HAM,http://en.wikipedia.org/wiki/Lewis_Hamilton,Lewis,Hamilton,1985-01-07,British,mercedes,http://en.wikipedia.org/wiki/Mercedes-Benz_in_Formula_One,Mercedes,German,1:33.333,1:32.406,1:31.678
2017,5,2,vettel,5,VET,http://en.wikipedia.org/wiki/Sebastian_Vettel,Sebastian,Vettel,1987-07-03,German,ferrari,http://en.wikipedia.org/wiki/Scuderia_Ferrari,Ferrari,Italian,1:33.078,1:32.391,1:31.864
2017,77,3,bottas,77,BOT,http://en.wikipedia.org/wiki/Valtteri_Bottas,Valtteri,Bottas,1989-08-28,Finnish,mercedes,http://en.wikipedia.org/wiki/Mercedes-Benz_in_Formula_One,Mercedes,German,1:33.684,1:32.552,1:31.865
2017,7,4,raikkonen,7,RAI,http://en.wikipedia.org/wiki/Kimi_R%C3%A4ikk%C3%B6nen,Kimi,Räikkönen,1979-10-17,Finnish,ferrari,http://en.wikipedia.org/wiki/Scuderia_Ferrari,Ferrari,Italian,1:33.341,1:32.181,1:32.140
2017,3,5,ricciardo,3,RIC,http://en.wikipedia.org/wiki/Daniel_Ricciardo,Daniel,Ricciardo,1989-07-01,Australian,red_bull,http://en.wikipedia.org/wiki/Red_Bull_Racing,Red Bull,Austrian,1:34.041,1:33.546,1:33.033
2017,19,6,massa,19,MAS,http://en.wikipedia.org/wiki/Felipe_Massa,Felipe,Massa,1981-04-25,Brazilian,williams,http://en.wikipedia.org/wiki/Williams_Grand_Prix_Engineering,Williams,British,1:34.205,1:33.759,1:33.507
2017,27,7,hulkenberg,27,HUL,http://en.wikipedia.org/wiki/Nico_H%C3%BClkenberg,Nico,Hülkenberg,1987-08-19,German,renault,http://en.wikipedia.org/wiki/Renault_in_Formula_One,Renault,French,1:34.453,1:33.636,1:33.580
2017,11,8,perez,11,PER,http://en.wikipedia.org/wiki/Sergio_P%C3%A9rez,Sergio,Pérez,1990-01-26,Mexican,force_india,http://en.wikipedia.org/wiki/Racing_Point_Force_India,Force India,Indian,1:34.657,1:33.920,1:33.706
2017,26,9,kvyat,26,KVY,http://en.wikipedia.org/wiki/Daniil_Kvyat,Daniil,Kvyat,1994-04-26,Russian,toro_rosso,http://en.wikipedia.org/wiki/Scuderia_Toro_Rosso,Toro Rosso,Italian,1:34.440,1:34.034,1:33.719
2017,18,10,stroll,18,STR,http://en.wikipedia.org/wiki/Lance_Stroll,Lance,Stroll,1998-10-29,Canadian,williams,http://en.wikipedia.org/wiki/Williams_Grand_Prix_Engineering,Williams,British,1:33.986,1:34.090,1:34.220
2018,44,1,hamilton,44,HAM,http://en.wikipedia.org/wiki/Lewis_Hamilton,Lewis,Hamilton,1985-01-07,British,mercedes,http://en.wikipedia.org/wiki/Mercedes-Benz_in_Formula_One,Mercedes,German,1:22.824,1:22.051,1:21.164
2018,7,2,raikkonen,7,RAI,http://en.wikipedia.org/wiki/Kimi_R%C3%A4ikk%C3%B6nen,Kimi,Räikkönen,1979-10-17,Finnish,ferrari,http://en.wikipedia.org/wiki/Scuderia_Ferrari,Ferrari,Italian,1:23.096,1:22.507,1:21.828
2018,5,3,vettel,5,VET,http://en.wikipedia.org/wiki/Sebastian_Vettel,Sebastian,Vettel,1987-07-03,German,ferrari,http://en.wikipedia.org/wiki/Scuderia_Ferrari,Ferrari,Italian,1:23.348,1:21.944,1:21.838
2018,33,4,max_verstappen,33,VER,http://en.wikipedia.org/wiki/Max_Verstappen,Max,Verstappen,1997-09-30,Dutch,red_bull,http://en.wikipedia.org/wiki/Red_Bull_Racing,Red Bull,Austrian,1:23.483,1:22.416,1:21.879
2018,3,5,ricciardo,3,RIC,http://en.wikipedia.org/wiki/Daniel_Ricciardo,Daniel,Ricciardo,1989-07-01,Australian,red_bull,http://en.wikipedia.org/wiki/Red_Bull_Racing,Red Bull,Austrian,1:23.494,1:22.897,1:22.152
2018,20,6,kevin_magnussen,20,MAG,http://en.wikipedia.org/wiki/Kevin_Magnussen,Kevin,Magnussen,1992-10-05,Danish,haas,http://en.wikipedia.org/wiki/Haas_F1_Team,Haas F1 Team,American,1:23.909,1:23.300,1:23.187
2018,8,7,grosjean,8,GRO,http://en.wikipedia.org/wiki/Romain_Grosjean,Romain,Grosjean,1986-04-17,French,haas,http://en.wikipedia.org/wiki/Haas_F1_Team,Haas F1 Team,American,1:23.671,1:23.468,1:23.339
2018,27,8,hulkenberg,27,HUL,http://en.wikipedia.org/wiki/Nico_H%C3%BClkenberg,Nico,Hülkenberg,1987-08-19,German,renault,http://en.wikipedia.org/wiki/Renault_in_Formula_One,Renault,French,1:23.782,1:23.544,1:23.532
2018,55,9,sainz,55,SAI,http://en.wikipedia.org/wiki/Carlos_Sainz_Jr.,Carlos,Sainz,1994-09-01,Spanish,renault,http://en.wikipedia.org/wiki/Renault_in_Formula_One,Renault,French,1:23.529,1:23.061,1:23.577
2018,77,10,bottas,77,BOT,http://en.wikipedia.org/wiki/Valtteri_Bottas,Valtteri,Bottas,1989-08-28,Finnish,mercedes,http://en.wikipedia.org/wiki/Mercedes-Benz_in_Formula_One,Mercedes,German,1:23.686,1:22.089,
2018,14,11,alonso,14,ALO,http://en.wikipedia.org/wiki/Fernando_Alonso,Fernando,Alonso,1981-07-29,Spanish,mclaren,http://en.wikipedia.org/wiki/McLaren,McLaren,British,1:23.597,1:23.692,
2018,2,12,vandoorne,2,VAN,http://en.wikipedia.org/wiki/Stoffel_Vandoorne,Stoffel,Vandoorne,1992-03-26,Belgian,mclaren,http://en.wikipedia.org/wiki/McLaren,McLaren,British,1:24.073,1:23.853,
2018,11,13,perez,11,PER,http://en.wikipedia.org/wiki/Sergio_P%C3%A9rez,Sergio,Pérez,1990-01-26,Mexican,force_india,http://en.wikipedia.org/wiki/Racing_Point_Force_India,Force India,Indian,1:24.344,1:24.005,
2018,18,14,stroll,18,STR,http://en.wikipedia.org/wiki/Lance_Stroll,Lance,Stroll,1998-10-29,Canadian,williams,http://en.wikipedia.org/wiki/Williams_Grand_Prix_Engineering,Williams,British,1:24.464,1:24.230,
2018,31,15,ocon,31,OCO,http://en.wikipedia.org/wiki/Esteban_Ocon,Esteban,Ocon,1996-09-17,French,force_india,http://en.wikipedia.org/wiki/Racing_Point_Force_India,Force India,Indian,1:24.503,1:24.786,
2018,28,16,brendon_hartley,28,HAR,http://en.wikipedia.org/wiki/Brendon_Hartley,Brendon,Hartley,1989-11-10,New Zealander,toro_rosso,http://en.wikipedia.org/wiki/Scuderia_Toro_Rosso,Toro Rosso,Italian,1:24.532,,
2018,9,17,ericsson,9,ERI,http://en.wikipedia.org/wiki/Marcus_Ericsson,Marcus,Ericsson,1990-09-02,Swedish,sauber,http://en.wikipedia.org/wiki/Sauber,Sauber,Swiss,1:24.556,,
2018,16,18,leclerc,16,LEC,http://en.wikipedia.org/wiki/Charles_Leclerc,Charles,Leclerc,1997-10-16,Monegasque,sauber,http://en.wikipedia.org/wiki/Sauber,Sauber,Swiss,1:24.636,,
2018,35,19,sirotkin,35,SIR,http://en.wikipedia.org/wiki/Sergey_Sirotkin_(racing_driver),Sergey,Sirotkin,1995-08-27,Russian,williams,http://en.wikipedia.org/wiki/Williams_Grand_Prix_Engineering,Williams,British,1:24.922,,
2018,10,20,gasly,10,GAS,http://en.wikipedia.org/wiki/Pierre_Gasly,Pierre,Gasly,1996-02-07,French,toro_rosso,http://en.wikipedia.org/wiki/Scuderia_Toro_Rosso,Toro Rosso,Italian,1:25.295,,
2018,5,1,vettel,5,VET,http://en.wikipedia.org/wiki/Sebastian_Vettel,Sebastian,Vettel,1987-07-03,German,ferrari,http://en.wikipedia.org/wiki/Scuderia_Ferrari,Ferrari,Italian,1:29.060,1:28.341,1:27.958
2018,7,2,raikkonen,7,RAI,http://en.wikipedia.org/wiki/Kimi_R%C3%A4ikk%C3%B6nen,Kimi,Räikkönen,1979-10-17,Finnish,ferrari,http://en.wikipedia.org/wiki/Scuderia_Ferrari,Ferrari,Italian,1:28.951,1:28.515,1:28.101
2018,77,3,bottas,77,BOT,http://en.wikipedia.org/wiki/Valtteri_Bottas,Valtteri,Bottas,1989-08-28,Finnish,mercedes,http://en.wikipedia.org/wiki/Mercedes-Benz_in_Formula_One,Mercedes,German,1:29.275,1:28.794,1:28.124
2018,44,4,hamilton,44,HAM,http://en.wikipedia.org/wiki/Lewis_Hamilton,Lewis,Hamilton,1985-01-07,British,mercedes,http://en.wikipedia.org/wiki/Mercedes-Benz_in_Formula_One,Mercedes,German,1:29.396,1:28.458,1:28.220
2018,3,5,ricciardo,3,RIC,http://en.wikipedia.org/wiki/Daniel_Ricciardo,Daniel,Ricciardo,1989-07-01,Australian,red_bull,http://en.wikipedia.org/wiki/Red_Bull_Racing,Red Bull,Austrian,1:29.552,1:28.962,1:28.398
2018,10,6,gasly,10,GAS,http://en.wikipedia.org/wiki/Pierre_Gasly,Pierre,Gasly,1996-02-07,French,toro_rosso,http://en.wikipedia.org/wiki/Scuderia_Toro_Rosso,Toro Rosso,Italian,1:30.121,1:29.836,1:29.329
2018,20,7,kevin_magnussen,20,MAG,http://en.wikipedia.org/wiki/Kevin_Magnussen,Kevin,Magnussen,1992-10-05,Danish,haas,http://en.wikipedia.org/wiki/Haas_F1_Team,Haas F1 Team,American,1:29.594,1:29.623,1:29.358
2018,27,8,hulkenberg,27,HUL,http://en.wikipedia.org/wiki/Nico_H%C3%BClkenberg,Nico,Hülkenberg,1987-08-19,German,renault,http://en.wikipedia.org/wiki/Renault_in_Formula_One,Renault,French,1:30.260,1:29.187,1:29.570
2018,31,9,ocon,31,OCO,http://en.wikipedia.org/wiki/Esteban_Ocon,Esteban,Ocon,1996-09-17,French,force_india,http://en.wikipedia.org/wiki/Racing_Point_Force_India,Force India,Indian,1:30.338,1:30.009,1:29.874
2018,55,10,sainz,55,SAI,http://en.wikipedia.org/wiki/Carlos_Sainz_Jr.,Carlos,Sainz,1994-09-01,Spanish,renault,http://en.wikipedia.org/wiki/Renault_in_Formula_One,Renault,French,1:29.893,1:29.802,1:29.986
2019,44,1,hamilton,44,HAM,http://en.wikipedia.org/wiki/Lewis_Hamilton,Lewis,Hamilton,1985-01-07,British,mercedes,http://en.wikipedia.org/wiki/Mercedes-Benz_in_Formula_One,Mercedes,German,1:22.043,1:21.014,1:20.486
2019,77,2,bottas,77,BOT,http://en.wikipedia.org/wiki/Valtteri_Bottas,Valtteri,Bottas,1989-08-28,Finnish,mercedes,http://en.wikipedia.org/wiki/Mercedes-Benz_in_Formula_One,Mercedes,German,1:22.367,1:21.193,1:20.598
2019,5,3,vettel,5,VET,http://en.wikipedia.org/wiki/Sebastian_Vettel,Sebastian,Vettel,1987-07-03,German,ferrari,http://en.wikipedia.org/wiki/Scuderia_Ferrari,Ferrari,Italian,1:22.885,1:21.912,1:21.190
2019,33,4,max_verstappen,33,VER,http://en.wikipedia.org/wiki/Max_Verstappen,Max,Verstappen,1997-09-30,Dutch,red_bull,http://en.wikipedia.org/wiki/Red_Bull_Racing,Red Bull,Austrian,1:22.876,1:21.678,1:21.320
2019,16,5,leclerc,16,LEC,http://en.wikipedia.org/wiki/Charles_Leclerc,Charles,Leclerc,1997-10-16,Monegasque,ferrari,http://en.wikipedia.org/wiki/Scuderia_Ferrari,Ferrari,Italian,1:22.017,1:21.739,1:21.442
2019,8,6,grosjean,8,GRO,http://en.wikipedia.org/wiki/Romain_Grosjean,Romain,Grosjean,1986-04-17,French,haas,http://en.wikipedia.org/wiki/Haas_F1_Team,Haas F1 Team,American,1:22.959,1:21.870,1:21.826
2019,20,7,kevin_magnussen,20,MAG,http://en.wikipedia.org/wiki/Kevin_Magnussen,Kevin,Magnussen,1992-10-05,Danish,haas,http://en.wikipedia.org/wiki/Haas_F1_Team,Haas F1 Team,American,1:22.519,1:22.221,1:22.099
2019,4,8,norris,4,NOR,http://en.wikipedia.org/wiki/Lando_Norris,Lando,Norris,1999-11-13,British,mclaren,http://en.wikipedia.org/wiki/McLaren,McLaren,British,1:22.702,1:22.423,1:22.304
2019,7,9,raikkonen,7,RAI,http://en.wikipedia.org/wiki/Kimi_R%C3%A4ikk%C3%B6nen,Kimi,Räikkönen,1979-10-17,Finnish,alfa,http://en.wikipedia.org/wiki/Alfa_Romeo_in_Formula_One,Alfa Romeo,Swiss,1:22.966,1:22.349,1:22.314
2019,11,10,perez,11,PER,http://en.wikipedia.org/wiki/Sergio_P%C3%A9rez,Sergio,Pérez,1990-01-26,Mexican,racing_point,http://en.wikipedia.org/wiki/Racing_Point_F1_Team,Racing Point,British,1:22.908,1:22.532,1:22.781
2019,27,11,hulkenberg,27,HUL,http://en.wikipedia.org/wiki/Nico_H%C3%BClkenberg,Nico,Hülkenberg,1987-08-19,German,renault,http://en.wikipedia.org/wiki/Renault_in_Formula_One,Renault,French,1:22.540,1:22.562,
2019,3,12,ricciardo,3,RIC,http://en.wikipedia.org/wiki/Daniel_Ricciardo,Daniel,Ricciardo,1989-07-01,Australian,renault,http://en.wikipedia.org/wiki/Renault_in_Formula_One,Renault,French,1:22.921,1:22.570,
2019,23,13,albon,23,ALB,http://en.wikipedia.org/wiki/Alexander_Albon,Alexander,Albon,1996-03-23,Thai,toro_rosso,http://en.wikipedia.org/wiki/Scuderia_Toro_Rosso,Toro Rosso,Italian,1:22.757,1:22.636,
2019,99,14,giovinazzi,99,GIO,http://en.wikipedia.org/wiki/Antonio_Giovinazzi,Antonio,Giovinazzi,1993-12-14,Italian,alfa,http://en.wikipedia.org/wiki/Alfa_Romeo_in_Formula_One,Alfa Romeo,Swiss,1:22.431,1:22.714,
2019,26,15,kvyat,26,KVY,http://en.wikipedia.org/wiki/Daniil_Kvyat,Daniil,Kvyat,1994-04-26,Russian,toro_rosso,http://en.wikipedia.org/wiki/Scuderia_Toro_Rosso,Toro Rosso,Italian,1:22.511,1:22.774,
2019,18,16,stroll,18,STR,http://en.wikipedia.org/wiki/Lance_Stroll,Lance,Stroll,1998-10-29,Canadian,racing_point,http://en.wikipedia.org/wiki/Racing_Point_F1_Team,Racing Point,British,1:23.017,,
2019,10,17,gasly,10,GAS,http://en.wikipedia.org/wiki/Pierre_Gasly,Pierre,Gasly,1996-02-07,French,red_bull,http://en.wikipedia.org/wiki/Red_Bull_Racing,Red Bull,Austrian,1:23.020,,
2019,55,18,sainz,55,SAI,http://en.wikipedia.org/wiki/Carlos_Sainz_Jr.,Carlos,Sainz,1994-09-01,Spanish,mclaren,http://en.wikipedia.org/wiki/McLaren,McLaren,British,1:23.084,,
2019,63,19,russell,63,RUS,http://en.wikipedia.org/wiki/George_Russell_%28racing_driver%29,George,Russell,1998-02-15,British,williams,http://en.wikipedia.org/wiki/Williams_Grand_Prix_Engineering,Williams,British,1:24.360,,
2019,88,20,kubica,88,KUB,http://en.wikipedia.org/wiki/Robert_Kubica,Robert,Kubica,1984-12-07,Polish,williams,http://en.wikipedia.org/wiki/Williams_Grand_Prix_Engineering,Williams,British,1:26.067,,
2019,16,1,leclerc,16,LEC,http://en.wikipedia.org/wiki/Charles_Leclerc,Charles,Leclerc,1997-10-16,Monegasque,ferrari,http://en.wikipedia.org/wiki/Scuderia_Ferrari,Ferrari,Italian,1:28.495,1:28.046,1:27.866
2019,5,2,vettel,5,VET,http://en.wikipedia.org/wiki/Sebastian_Vettel,Sebastian,Vettel,1987-07-03,German,ferrari,http://en.wikipedia.org/wiki/Scuderia_Ferrari,Ferrari,Italian,1:28.733,1:28.356,1:28.160
2019,44,3,hamilton,44,HAM,http://en.wikipedia.org/wiki/Lewis_Hamilton,Lewis,Hamilton,1985-01-07,British,mercedes,http://en.wikipedia.org/wiki/Mercedes-Benz_in_Formula_One,Mercedes,German,1:29.262,1:28.578,1:28.190
2019,77,4,bottas,77,BOT,http://en.wikipedia.org/wiki/Valtteri_Bottas,Valtteri,Bottas,1989-08-28,Finnish,mercedes,http://en.wikipedia.org/wiki/Mercedes-Benz_in_Formula_One,Mercedes,German,1:29.498,1:28.830,1:28.256
2019,33,5,max_verstappen,33,VER,http://en.wikipedia.org/wiki/Max_Verstappen,Max,Verstappen,1997-09-30,Dutch,red_bull,http://en.wikipedia.org/wiki/Red_Bull_Racing,Red Bull,Austrian,1:29.579,1:29.109,1:28.752
2019,20,6,kevin_magnussen,20,MAG,http://en.wikipedia.org/wiki/Kevin_Magnussen,Kevin,Magnussen,1992-10-05,Danish,haas,http://en.wikipedia.org/wiki/Haas_F1_Team,Haas F1 Team,American,1:29.532,1:29.017,1:28.757
2019,55,7,sainz,55,SAI,http://en.wikipedia.org/wiki/Carlos_Sainz_Jr.,Carlos,Sainz,1994-09-01,Spanish,mclaren,http://en.wikipedia.org/wiki/McLaren,McLaren,British,1:29.528,1:29.055,1:28.813
2019,8,8,grosjean,8,GRO,http://en.wikipedia.org/wiki/Romain_Grosjean,Romain,Grosjean,1986-04-17,French,haas,http://en.wikipedia.org/wiki/Haas_F1_Team,Haas F1 Team,American,1:29.688,1:29.249,1:29.015
2019,7,9,raikkonen,7,RAI,http://en.wikipedia.org/wiki/Kimi_R%C3%A4ikk%C3%B6nen,Kimi,Räikkönen,1979-10-17,Finnish,alfa,http://en.wikipedia.org/wiki/Alfa_Romeo_in_Formula_One,Alfa Romeo,Swiss,1:29.959,1:29.471,1:29.022
2019,4,10,norris,4,NOR,http://en.wikipedia.org/wiki/Lando_Norris,Lando,Norris,1999-11-13,British,mclaren,http://en.wikipedia.org/wiki/McLaren,McLaren,British,1:29.381,1:29.258,1:29.043
2020,77,1,bottas,77,BOT,http://en.wikipedia.org/wiki/Valtteri_Bottas,Valtteri,Bottas,1989-08-28,Finnish,mercedes,http://en.wikipedia.org/wiki/Mercedes-Benz_in_Formula_One,Mercedes,German,1:04.111,1:03.015,1:02.939
2020,44,2,hamilton,44,HAM,http://en.wikipedia.org/wiki/Lewis_Hamilton,Lewis,Hamilton,1985-01-07,British,mercedes,http://en.wikipedia.org/wiki/Mercedes-Benz_in_Formula_One,Mercedes,German,1:04.198,1:03.096,1:02.951
2020,33,3,max_verstappen,33,VER,http://en.wikipedia.org/wiki/Max_Verstappen,Max,Verstappen,1997-09-30,Dutch,red_bull,http://en.wikipedia.org/wiki/Red_Bull_Racing,Red Bull,Austrian,1:04.024,1:04.000,1:03.477
2020,4,4,norris,4,NOR,http://en.wikipedia.org/wiki/Lando_Norris,Lando,Norris,1999-11-13,British,mclaren,http://en.wikipedia.org/wiki/McLaren,McLaren,British,1:04.606,1:03.819,1:03.626
2020,23,5,albon,23,ALB,http://en.wikipedia.org/wiki/Alexander_Albon,Alexander,Albon,1996-03-23,Thai,red_bull,http://en.wikipedia.org/wiki/Red_Bull_Racing,Red Bull,Austrian,1:04.661,1:03.746,1:03.868
2020,11,6,perez,11,PER,http://en.wikipedia.org/wiki/Sergio_P%C3%A9rez,Sergio,Pérez,1990-01-26,Mexican,racing_point,http://en.wikipedia.org/wiki/Racing_Point_F1_Team,Racing Point,British,1:04.543,1:03.860,1:03.868
2020,16,7,leclerc,16,LEC,http://en.wikipedia.org/wiki/Charles_Leclerc,Charles,Leclerc,1997-10-16,Monegasque,ferrari,http://en.wikipedia.org/wiki/Scuderia_Ferrari,Ferrari,Italian,1:04.500,1:04.041,1:03.923
2020,55,8,sainz,55,SAI,http://en.wikipedia.org/wiki/Carlos_Sainz_Jr.,Carlos,Sainz,1994-09-01,Spanish,mclaren,http://en.wikipedia.org/wiki/McLaren,McLaren,British,1:04.537,1:03.971,1:03.971
2020,18,9,stroll,18,STR,http://en.wikipedia.org/wiki/Lance_Stroll,Lance,Stroll,1998-10-29,Canadian,racing_point,http://en.wikipedia.org/wiki/Racing_Point_F1_Team,Racing Point,British,1:04.309,1:03.955,1:04.029
2020,3,10,ricciardo,3,RIC,http://en.wikipedia.org/wiki/Daniel_Ricciardo,Daniel,Ricciardo,1989-07-01,Australian,renault,http://en.wikipedia.org/wiki/Renault_in_Formula_One,Renault,French,1:04.556,1:04.023,1:04.239
2020,5,11,vettel,5,VET,http://en.wikipedia.org/wiki/Sebastian_Vettel,Sebastian,Vettel,1987-07-03,German,ferrari,http://en.wikipedia.org/wiki/Scuderia_Ferrari,Ferrari,Italian,1:04.554,1:04.206,
2020,10,12,gasly,10,GAS,http://en.wikipedia.org/wiki/Pierre_Gasly,Pierre,Gasly,1996-02-07,French,alphatauri,http://en.wikipedia.org/wiki/Scuderia_AlphaTauri,AlphaTauri,Italian,1:04.603,1:04.305,
2020,26,13,kvyat,26,KVY,http://en.wikipedia.org/wiki/Daniil_Kvyat,Daniil,Kvyat,1994-04-26,Russian,alphatauri,http://en.wikipedia.org/wiki/Scuderia_AlphaTauri,AlphaTauri,Italian,1:05.031,1:04.431,
2020,31,14,ocon,31,OCO,http://en.wikipedia.org/wiki/Esteban_Ocon,Esteban,Ocon,1996-09-17,French,renault,http://en.wikipedia.org/wiki/Renault_in_Formula_One,Renault,French,1:04.933,1:04.643,
2020,8,15,grosjean,8,GRO,http://en.wikipedia.org/wiki/Romain_Grosjean,Romain,Grosjean,1986-04-17,French,haas,http://en.wikipedia.org/wiki/Haas_F1_Team,Haas F1 Team,American,1:05.094,1:04.691,
2020,20,16,kevin_magnussen,20,MAG,http://en.wikipedia.org/wiki/Kevin_Magnussen,Kevin,Magnussen,1992-10-05,Danish,haas,http://en.wikipedia.org/wiki/Haas_F1_Team,Haas F1 Team,American,1:05.164,,
2020,63,17,russell,63,RUS,http://en.wikipedia.org/wiki/George_Russell_%28racing_driver%29,George,Russell,1998-02-15,British,williams,http://en.wikipedia.org/wiki/Williams_Grand_Prix_Engineering,Williams,British,1:05.167,,
2020,99,18,giovinazzi,99,GIO,http://en.wikipedia.org/wiki/Antonio_Giovinazzi,Antonio,Giovinazzi,1993-12-14,Italian,alfa,http://en.wikipedia.org/wiki/Alfa_Romeo_in_Formula_One,Alfa Romeo,Swiss,1:05.175,,
2020,7,19,raikkonen,7,RAI,http://en.wikipedia.org/wiki/Kimi_R%C3%A4ikk%C3%B6nen,Kimi,Räikkönen,1979-10-17,Finnish,alfa,http://en.wikipedia.org/wiki/Alfa_Romeo_in_Formula_One,Alfa Romeo,Swiss,1:05.224,,
2020,6,20,latifi,6,LAT,http://en.wikipedia.org/wiki/Nicholas_Latifi,Nicholas,Latifi,1995-06-29,Canadian,williams,http://en.wikipedia.org/wiki/Williams_Grand_Prix_Engineering,Williams,British,1:05.757,,
2020,44,1,hamilton,44,HAM,http://en.wikipedia.org/wiki/Lewis_Hamilton,Lewis,Hamilton,1985-01-07,British,mercedes,http://en.wikipedia.org/wiki/Mercedes-Benz_in_Formula_One,Mercedes,German,1:18.188,1:17.825,1:19.273
2020,33,2,max_verstappen,33,VER,http://en.wikipedia.org/wiki/Max_Verstappen,Max,Verstappen,1997-09-30,Dutch,red_bull,http://en.wikipedia.org/wiki/Red_Bull_Racing,Red Bull,Austrian,1:18.297,1:17.938,1:20.489
2020,55,3,sainz,55,SAI,http://en.wikipedia.org/wiki/Carlos_Sainz_Jr.,Carlos,Sainz,1994-09-01,Spanish,mclaren,http://en.wikipedia.org/wiki/McLaren,McLaren,British,1:18.590,1:18.836,1:20.671
2020,77,4,bottas,77,BOT,http://en.wikipedia.org/wiki/Valtteri_Bottas,Valtteri,Bottas,1989-08-28,Finnish,mercedes,http://en.wikipedia.org/wiki/Mercedes-Benz_in_Formula_One,Mercedes,German,1:18.791,1:18.657,1:20.701
2020,31,5,ocon,31,OCO,http://en.wikipedia.org/wiki/Esteban_Ocon,Esteban,Ocon,1996-09-17,French,renault,http://en.wikipedia.org/wiki/Renault_in_Formula_One,Renault,French,1:19.687,1:18.764,1:20.922
2020,4,6,norris,4,NOR,http://en.wikipedia.org/wiki/Lando_Norris,Lando,Norris,1999-11-13,British,mclaren,http://en.wikipedia.org/wiki/McLaren,McLaren,British,1:18.504,1:18.448,1:20.925
2020,23,7,albon,23,ALB,http://en.wikipedia.org/wiki/Alexander_Albon,Alexander,Albon,1996-03-23,Thai,red_bull,http://en.wikipedia.org/wiki/Red_Bull_Racing,Red Bull,Austrian,1:20.882,1:19.014,1:21.011
2020,10,8,gasly,10,GAS,http://en.wikipedia.org/wiki/Pierre_Gasly,Pierre,Gasly,1996-02-07,French,alphatauri,http://en.wikipedia.org/wiki/Scuderia_AlphaTauri,AlphaTauri,Italian,1:20.192,1:18.744,1:21.028
2020,3,9,ricciardo,3,RIC,http://en.wikipedia.org/wiki/Daniel_Ricciardo,Daniel,Ricciardo,1989-07-01,Australian,renault,http://en.wikipedia.org/wiki/Renault_in_Formula_One,Renault,French,1:19.662,1:19.229,1:21.192
2020,5,10,vettel,5,VET,http://en.wikipedia.org/wiki/Sebastian_Vettel,Sebastian,Vettel,1987-07-03,German,ferrari,http://en.wikipedia.org/wiki/Scuderia_Ferrari,Ferrari,Italian,1:20.243,1:19.545,1:21.651
2021,33,1,max_verstappen,33,VER,http://en.wikipedia.org/wiki/Max_Verstappen,Max,Verstappen,1997-09-30,Dutch,red_bull,http://en.wikipedia.org/wiki/Red_Bull_Racing,Red Bull,Austrian,1:30.499,1:30.318,1:28.997
2021,44,2,hamilton,44,HAM,http://en.wikipedia.org/wiki/Lewis_Hamilton,Lewis,Hamilton,1985-01-07,British,mercedes,http://en.wikipedia.org/wiki/Mercedes-Benz_in_Formula_One,Mercedes,German,1:30.617,1:30.085,1:29.385
2021,77,3,bottas,77,BOT,http://en.wikipedia.org/wiki/Valtteri_Bottas,Valtteri,Bottas,1989-08-28,Finnish,mercedes,http://en.wikipedia.org/wiki/Mercedes-Benz_in_Formula_One,Mercedes,German,1:31.200,1:30.186,1:29.586
2021,16,4,leclerc,16,LEC,http://en.wikipedia.org/wiki/Charles_Leclerc,Charles,Leclerc,1997-10-16,Monegasque,ferrari,http://en.wikipedia.org/wiki/Scuderia_Ferrari,Ferrari,Italian,1:30.691,1:30.010,1:29.678
2021,10,5,gasly,10,GAS,http://en.wikipedia.org/wiki/Pierre_Gasly,Pierre,Gasly,1996-02-07,French,alphatauri,http://en.wikipedia.org/wiki/Scuderia_AlphaTauri,AlphaTauri,Italian,1:30.848,1:30.513,1:29.809
2021,3,6,ricciardo,3,RIC,http://en.wikipedia.org/wiki/Daniel_Ricciardo,Daniel,Ricciardo,1989-07-01,Australian,mclaren,http://en.wikipedia.org/wiki/McLaren,McLaren,British,1:30.795,1:30.222,1:29.927
2021,4,7,norris,4,NOR,http://en.wikipedia.org/wiki/Lando_Norris,Lando,Norris,1999-11-13,British,mclaren,http://en.wikipedia.org/wiki/McLaren,McLaren,British,1:30.902,1:30.099,1:29.974
2021,55,8,sainz,55,SAI,http://en.wikipedia.org/wiki/Carlos_Sainz_Jr.,Carlos,Sainz,1994-09-01,Spanish,ferrari,http://en.wikipedia.org/wiki/Scuderia_Ferrari,Ferrari,Italian,1:31.653,1:30.009,1:30.215
2021,14,9,alonso,14,ALO,http://en.wikipedia.org/wiki/Fernando_Alonso,Fernando,Alonso,1981-07-29,Spanish,alpine,http://en.wikipedia.org/wiki/Alpine_F1_Team,Alpine F1 Team,French,1:30.863,1:30.595,1:30.249
2021,18,10,stroll,18,STR,http://en.wikipedia.org/wiki/Lance_Stroll,Lance,Stroll,1998-10-29,Canadian,aston_martin,http://en.wikipedia.org/wiki/Aston_Martin_in_Formula_One,Aston Martin,British,1:31.261,1:30.624,1:30.601
2021,11,11,perez,11,PER,http://en.wikipedia.org/wiki/Sergio_P%C3%A9rez,Sergio,Pérez,1990-01-26,Mexican,red_bull,http://en.wikipedia.org/wiki/Red_Bull_Racing,Red Bull,Austrian,1:31.165,1:30.659,
2021,99,12,giovinazzi,99,GIO,http://en.wikipedia.org/wiki/Antonio_Giovinazzi,Antonio,Giovinazzi,1993-12-14,Italian,alfa,http://en.wikipedia.org/wiki/Alfa_Romeo_in_Formula_One,Alfa Romeo,Swiss,1:30.998,1:30.708,
2021,22,13,tsunoda,22,TSU,http://en.wikipedia.org/wiki/Yuki_Tsunoda,Yuki,Tsunoda,2000-05-11,Japanese,alphatauri,http://en.wikipedia.org/wiki/Scuderia_AlphaTauri,AlphaTauri,Italian,1:30.607,1:31.203,
2021,7,14,raikkonen,7,RAI,http://en.wikipedia.org/wiki/Kimi_R%C3%A4ikk%C3%B6nen,Kimi,Räikkönen,1979-10-17,Finnish,alfa,http://en.wikipedia.org/wiki/Alfa_Romeo_in_Formula_One,Alfa Romeo,Swiss,1:31.547,1:31.238,
2021,63,15,russell,63,RUS,http://en.wikipedia.org/wiki/George_Russell_%28racing_driver%29,George,Russell,1998-02-15,British,williams,http://en.wikipedia.org/wiki/Williams_Grand_Prix_Engineering,Williams,British,1:31.316,1:33.430,
2021,31,16,ocon,31,OCO,http://en.wikipedia.org/wiki/Esteban_Ocon,Esteban,Ocon,1996-09-17,French,alpine,http://en.wikipedia.org/wiki/Alpine_F1_Team,Alpine F1 Team,French,1:31.724,,
2021,6,17,latifi,6,LAT,http://en.wikipedia.org/wiki/Nicholas_Latifi,Nicholas,Latifi,1995-06-29,Canadian,williams,http://en.wikipedia.org/wiki/Williams_Grand_Prix_Engineering,Williams,British,1:31.936,,
2021,5,18,vettel,5,VET,http://en.wikipedia.org/wiki/Sebastian_Vettel,Sebastian,Vettel,1987-07-03,German,aston_martin,http://en.wikipedia.org/wiki/Aston_Martin_in_Formula_One,Aston Martin,British,1:32.056,,
2021,47,19,mick_schumacher,47,MSC,http://en.wikipedia.org/wiki/Mick_Schumacher,Mick,Schumacher,1999-03-22,German,haas,http://en.wikipedia.org/wiki/Haas_F1_Team,Haas F1 Team,American,1:32.449,,
2021,9,20,mazepin,9,MAZ,http://en.wikipedia.org/wiki/Nikita_Mazepin,Nikita,Mazepin,1999-03-02,Russian,haas,http://en.wikipedia.org/wiki/Haas_F1_Team,Haas F1 Team,American,1:33.273,,
2021,44,1,hamilton,44,HAM,http://en.wikipedia.org/wiki/Lewis_Hamilton,Lewis,Hamilton,1985-01-07,British,mercedes,http://en.wikipedia.org/wiki/Mercedes-Benz_in_Formula_One,Mercedes,German,1:14.823,1:14.817,1:14.411
2021,11,2,perez,11,PER,http://en.wikipedia.org/wiki/Sergio_P%C3%A9rez,Sergio,Pérez,1990-01-26,Mexican,red_bull,http://en.wikipedia.org/wiki/Red_Bull_Racing,Red Bull,Austrian,1:15.395,1:14.716,1:14.446
2021,33,3,max_verstappen,33,VER,http://en.wikipedia.org/wiki/Max_Verstappen,Max,Verstappen,1997-09-30,Dutch,red_bull,http://en.wikipedia.org/wiki/Red_Bull_Racing,Red Bull,Austrian,1:15.109,1:14.884,1:14.498
2021,16,4,leclerc,16,LEC,http://en.wikipedia.org/wiki/Charles_Leclerc,Charles,Leclerc,1997-10-16,Monegasque,ferrari,http://en.wikipedia.org/wiki/Scuderia_Ferrari,Ferrari,Italian,1:15.413,1:14.808,1:14.740
2021,10,5,gasly,10,GAS,http://en.wikipedia.org/wiki/Pierre_Gasly,Pierre,Gasly,1996-02-07,French,alphatauri,http://en.wikipedia.org/wiki/Scuderia_AlphaTauri,AlphaTauri,Italian,1:15.548,1:14.927,1:14.790
2021,3,6,ricciardo,3,RIC,http://en.wikipedia.org/wiki/Daniel_Ricciardo,Daniel,Ricciardo,1989-07-01,Australian,mclaren,http://en.wikipedia.org/wiki/McLaren,McLaren,British,1:15.669,1:15.033,1:14.826
2021,4,7,norris,4,NOR,http://en.wikipedia.org/wiki/Lando_Norris,Lando,Norris,1999-11-13,British,mclaren,http://en.wikipedia.org/wiki/McLaren,McLaren,British,1:15.009,1:14.718,1:14.875
2021,77,8,bottas,77,BOT,http://en.wikipedia.org/wiki/Valtteri_Bottas,Valtteri,Bottas,1989-08-28,Finnish,mercedes,http://en.wikipedia.org/wiki/Mercedes-Benz_in_Formula_One,Mercedes,German,1:14.672,1:14.905,1:14.898
2021,31,9,ocon,31,OCO,http://en.wikipedia.org/wiki/Esteban_Ocon,Esteban,Ocon,1996-09-17,French,alpine,http://en.wikipedia.org/wiki/Alpine_F1_Team,Alpine F1 Team,French,1:15.385,1:15.117,1:15.210
2021,18,10,stroll,18,STR,http://en.wikipedia.org/wiki/Lance_Stroll,Lance,Stroll,1998-10-29,Canadian,aston_martin,http://en.wikipedia.org/wiki/Aston_Martin_in_Formula_One,Aston Martin,British,1:15.522,1:15.138,
2022,16,1,leclerc,16,LEC,http://en.wikipedia.org/wiki/Charles_Leclerc,Charles,Leclerc,1997-10-16,Monegasque,ferrari,http://en.wikipedia.org/wiki/Scuderia_Ferrari,Ferrari,Italian,1:31.471,1:30.932,1:30.558
2022,1,2,max_verstappen,33,VER,http://en.wikipedia.org/wiki/Max_Verstappen,Max,Verstappen,1997-09-30,Dutch,red_bull,http://en.wikipedia.org/wiki/Red_Bull_Racing,Red Bull,Austrian,1:31.785,1:30.757,1:30.681
2022,55,3,sainz,55,SAI,http://en.wikipedia.org/wiki/Carlos_Sainz_Jr.,Carlos,Sainz,1994-09-01,Spanish,ferrari,http://en.wikipedia.org/wiki/Scuderia_Ferrari,Ferrari,Italian,1:31.567,1:30.787,1:30.687
2022,11,4,perez,11,PER,http://en.wikipedia.org/wiki/Sergio_P%C3%A9rez,Sergio,Pérez,1990-01-26,Mexican,red_bull,http://en.wikipedia.org/wiki/Red_Bull_Racing,Red Bull,Austrian,1:32.311,1:31.008,1:30.921
2022,44,5,hamilton,44,HAM,http://en.wikipedia.org/wiki/Lewis_Hamilton,Lewis,Hamilton,1985-01-07,British,mercedes,http://en.wikipedia.org/wiki/Mercedes-Benz_in_Formula_One,Mercedes,German,1:32.285,1:31.048,1:31.238
2022,77,6,bottas,77,BOT,http://en.wikipedia.org/wiki/Valtteri_Bottas,Valtteri,Bottas,1989-08-28,Finnish,alfa,http://en.wikipedia.org/wiki/Alfa_Romeo_in_Formula_One,Alfa Romeo,Swiss,1:31.919,1:31.717,1:31.560
2022,20,7,kevin_magnussen,20,MAG,http://en.wikipedia.org/wiki/Kevin_Magnussen,Kevin,Magnussen,1992-10-05,Danish,haas,http://en.wikipedia.org/wiki/Haas_F1_Team,Haas F1 Team,American,1:31.955,1:31.461,1:31.808
2022,14,8,alonso,14,ALO,http://en.wikipedia.org/wiki/Fernando_Alonso,Fernando,Alonso,1981-07-29,Spanish,alpine,http://en.wikipedia.org/wiki/Alpine_F1_Team,Alpine F1 Team,French,1:32.346,1:31.621,1:32.195
2022,63,9,russell,63,RUS,http://en.wikipedia.org/wiki/George_Russell_%28racing_driver%29,George,Russell,1998-02-15,British,mercedes,http://en.wikipedia.org/wiki/Mercedes-Benz_in_Formula_One,Mercedes,German,1:32.269,1:31.252,1:32.216
2022,10,10,gasly,10,GAS,http://en.wikipedia.org/wiki/Pierre_Gasly,Pierre,Gasly,1996-02-07,French,alphatauri,http://en.wikipedia.org/wiki/Scuderia_AlphaTauri,AlphaTauri,Italian,1:32.096,1:31.635,1:32.338
2022,31,11,ocon,31,OCO,http://en.wikipedia.org/wiki/Esteban_Ocon,Esteban,Ocon,1996-09-17,French,alpine,http://en.wikipedia.org/wiki/Alpine_F1_Team,Alpine F1 Team,French,1:32.041,1:31.782,
2022,47,12,mick_schumacher,47,MSC,http://en.wikipedia.org/wiki/Mick_Schumacher,Mick,Schumacher,1999-03-22,German,haas,http://en.wikipedia.org/wiki/Haas_F1_Team,Haas F1 Team,American,1:32.380,1:31.998,
2022,4,13,norris,4,NOR,http://en.wikipedia.org/wiki/Lando_Norris,Lando,Norris,1999-11-13,British,mclaren,http://en.wikipedia.org/wiki/McLaren,McLaren,British,1:32.239,1:32.008,
2022,23,14,albon,23,ALB,http://en.wikipedia.org/wiki/Alexander_Albon,Alexander,Albon,1996-03-23,Thai,williams,http://en.wikipedia.org/wiki/Williams_Grand_Prix_Engineering,Williams,British,1:32.726,1:32.664,
2022,24,15,zhou,24,ZHO,http://en.wikipedia.org/wiki/Guanyu_Zhou,Guanyu,Zhou,1999-05-30,Chinese,alfa,http://en.wikipedia.org/wiki/Alfa_Romeo_in_Formula_One,Alfa Romeo,Swiss,1:32.493,1:33.543,
2022,22,16,tsunoda,22,TSU,http://en.wikipedia.org/wiki/Yuki_Tsunoda,Yuki,Tsunoda,2000-05-11,Japanese,alphatauri,http://en.wikipedia.org/wiki/Scuderia_AlphaTauri,AlphaTauri,Italian,1:32.750,,
2022,27,17,hulkenberg,27,HUL,http://en.wikipedia.org/wiki/Nico_H%C3%BClkenberg,Nico,Hülkenberg,1987-08-19,German,aston_martin,http://en.wikipedia.org/wiki/Aston_Martin_in_Formula_One,Aston Martin,British,1:32.777,,
2022,3,18,ricciardo,3,RIC,http://en.wikipedia.org/wiki/Daniel_Ricciardo,Daniel,Ricciardo,1989-07-01,Australian,mclaren,http://en.wikipedia.org/wiki/McLaren,McLaren,British,1:32.945,,
2022,18,19,stroll,18,STR,http://en.wikipedia.org/wiki/Lance_Stroll,Lance,Stroll,1998-10-29,Canadian,aston_martin,http://en.wikipedia.org/wiki/Aston_Martin_in_Formula_One,Aston Martin,British,1:33.032,,
2022,6,20,latifi,6,LAT,http://en.wikipedia.org/wiki/Nicholas_Latifi,Nicholas,Latifi,1995-06-29,Canadian,williams,http://en.wikipedia.org/wiki/Williams_Grand_Prix_Engineering,Williams,British,1:33.634,,
2022,11,1,perez,11,PER,http://en.wikipedia.org/wiki/Sergio_P%C3%A9rez,Sergio,Pérez,1990-01-26,Mexican,red_bull,http://en.wikipedia.org/wiki/Red_Bull_Racing,Red Bull,Austrian,1:29.705,1:28.924,1:28.200
2022,16,2,leclerc,16,LEC,http://en.wikipedia.org/wiki/Charles_Leclerc,Charles,Leclerc,1997-10-16,Monegasque,ferrari,http://en.wikipedia.org/wiki/Scuderia_Ferrari,Ferrari,Italian,1:29.039,1:28.780,1:28.225
2022,55,3,sainz,55,SAI,http://en.wikipedia.org/wiki/Carlos_Sainz_Jr.,Carlos,Sainz,1994-09-01,Spanish,ferrari,http://en.wikipedia.org/wiki/Scuderia_Ferrari,Ferrari,Italian,1:28.855,1:28.686,1:28.402
2022,1,4,max_verstappen,33,VER,http://en.wikipedia.org/wiki/Max_Verstappen,Max,Verstappen,1997-09-30,Dutch,red_bull,http://en.wikipedia.org/wiki/Red_Bull_Racing,Red Bull,Austrian,1:28.928,1:28.945,1:28.461
2022,31,5,ocon,31,OCO,http://en.wikipedia.org/wiki/Esteban_Ocon,Esteban,Ocon,1996-09-17,French,alpine,http://en.wikipedia.org/wiki/Alpine_F1_Team,Alpine F1 Team,French,1:30.093,1:29.584,1:29.068
2022,63,6,russell,63,RUS,http://en.wikipedia.org/wiki/George_Russell_%28racing_driver%29,George,Russell,1998-02-15,British,mercedes,http://en.wikipedia.org/wiki/Mercedes-Benz_in_Formula_One,Mercedes,German,1:29.680,1:29.618,1:29.104
2022,14,7,alonso,14,ALO,http://en.wikipedia.org/wiki/Fernando_Alonso,Fernando,Alonso,1981-07-29,Spanish,alpine,http://en.wikipedia.org/wiki/Alpine_F1_Team,Alpine F1 Team,French,1:29.978,1:29.295,1:29.147
2022,77,8,bottas,77,BOT,http://en.wikipedia.org/wiki/Valtteri_Bottas,Valtteri,Bottas,1989-08-28,Finnish,alfa,http://en.wikipedia.org/wiki/Alfa_Romeo_in_Formula_One,Alfa Romeo,Swiss,1:29.683,1:29.404,1:29.183
2022,10,9,gasly,10,GAS,http://en.wikipedia.org/wiki/Pierre_Gasly,Pierre,Gasly,1996-02-07,French,alphatauri,http://en.wikipedia.org/wiki/Scuderia_AlphaTauri,AlphaTauri,Italian,1:29.891,1:29.418,1:29.254
2022,20,10,kevin_magnussen,20,MAG,http://en.wikipedia.org/wiki/Kevin_Magnussen,Kevin,Magnussen,1992-10-05,Danish,haas,http://en.wikipedia.org/wiki/Haas_F1_Team,Haas F1 Team,American,1:29.831,1:29.546,1:29.588
